//--------- parameters
theParameterPtr->iter 20000
theParameterPtr->line 1000
theParameterPtr->periodic 0
theParameterPtr->nFiber 2
theParameterPtr->nSegment 1024
theParameterPtr->nContactMax 1024
//--------- fibres
iFiber n ii xx yy zz ex ey ez thetax thetay thetaz m1x m1y m1z
0 20 0 0.00e+00 0.00e+00 -5.64e-07 -- 0.00e+00 0.00e+00 -1.00e+00 -- 0.00e+00 0.00e+00 0.00e+00 -- 0.00e+00 1.00e+00 0.00e+00
0 20 1 0.00e+00 0.00e+00 -1.50e+00 -- 0.00e+00 0.00e+00 -1.00e+00 -- 0.00e+00 0.00e+00 1.50e-02 -- 1.50e-02 1.00e+00 0.00e+00
0 20 2 0.00e+00 0.00e+00 -3.00e+00 -- 0.00e+00 0.00e+00 -1.00e+00 -- 0.00e+00 0.00e+00 3.00e-02 -- 3.00e-02 1.00e+00 0.00e+00
0 20 3 0.00e+00 0.00e+00 -4.50e+00 -- 0.00e+00 0.00e+00 -1.00e+00 -- 0.00e+00 0.00e+00 4.50e-02 -- 4.50e-02 9.99e-01 0.00e+00
0 20 4 0.00e+00 0.00e+00 -6.00e+00 -- 0.00e+00 0.00e+00 -1.00e+00 -- 0.00e+00 0.00e+00 6.00e-02 -- 6.00e-02 9.98e-01 0.00e+00
0 20 5 0.00e+00 0.00e+00 -7.50e+00 -- 0.00e+00 0.00e+00 -1.00e+00 -- 0.00e+00 0.00e+00 7.50e-02 -- 7.49e-02 9.97e-01 0.00e+00
0 20 6 0.00e+00 0.00e+00 -9.00e+00 -- 0.00e+00 0.00e+00 -1.00e+00 -- 0.00e+00 0.00e+00 9.00e-02 -- 8.99e-02 9.96e-01 0.00e+00
0 20 7 0.00e+00 0.00e+00 -1.05e+01 -- 0.00e+00 0.00e+00 -1.00e+00 -- 0.00e+00 0.00e+00 1.05e-01 -- 1.05e-01 9.94e-01 0.00e+00
0 20 8 0.00e+00 0.00e+00 -1.20e+01 -- 0.00e+00 0.00e+00 -1.00e+00 -- 0.00e+00 0.00e+00 1.20e-01 -- 1.20e-01 9.93e-01 0.00e+00
0 20 9 0.00e+00 0.00e+00 -1.35e+01 -- 0.00e+00 0.00e+00 -1.00e+00 -- 0.00e+00 0.00e+00 1.35e-01 -- 1.35e-01 9.91e-01 0.00e+00
0 20 10 0.00e+00 0.00e+00 -1.50e+01 -- 0.00e+00 0.00e+00 -1.00e+00 -- 0.00e+00 0.00e+00 1.50e-01 -- 1.49e-01 9.89e-01 0.00e+00
0 20 11 0.00e+00 0.00e+00 -1.65e+01 -- 0.00e+00 0.00e+00 -1.00e+00 -- 0.00e+00 0.00e+00 1.65e-01 -- 1.64e-01 9.86e-01 0.00e+00
0 20 12 0.00e+00 0.00e+00 -1.80e+01 -- 0.00e+00 0.00e+00 -1.00e+00 -- 0.00e+00 0.00e+00 1.80e-01 -- 1.79e-01 9.84e-01 0.00e+00
0 20 13 0.00e+00 0.00e+00 -1.95e+01 -- 0.00e+00 0.00e+00 -1.00e+00 -- 0.00e+00 0.00e+00 1.95e-01 -- 1.94e-01 9.81e-01 0.00e+00
0 20 14 0.00e+00 0.00e+00 -2.10e+01 -- 0.00e+00 0.00e+00 -1.00e+00 -- 0.00e+00 0.00e+00 2.10e-01 -- 2.08e-01 9.78e-01 0.00e+00
0 20 15 0.00e+00 0.00e+00 -2.25e+01 -- 0.00e+00 0.00e+00 -1.00e+00 -- 0.00e+00 0.00e+00 2.25e-01 -- 2.23e-01 9.75e-01 0.00e+00
0 20 16 0.00e+00 0.00e+00 -2.40e+01 -- 0.00e+00 0.00e+00 -1.00e+00 -- 0.00e+00 0.00e+00 2.40e-01 -- 2.38e-01 9.71e-01 0.00e+00
0 20 17 0.00e+00 0.00e+00 -2.55e+01 -- 0.00e+00 0.00e+00 -1.00e+00 -- 0.00e+00 0.00e+00 2.55e-01 -- 2.52e-01 9.68e-01 0.00e+00
0 20 18 0.00e+00 0.00e+00 -2.70e+01 -- 0.00e+00 0.00e+00 -1.00e+00 -- 0.00e+00 0.00e+00 2.70e-01 -- 2.67e-01 9.64e-01 0.00e+00
0 20 19 0.00e+00 0.00e+00 -2.85e+01 -- 0.00e+00 0.00e+00 0.00e+00 -- 0.00e+00 0.00e+00 0.00e+00 -- 0.00e+00 1.00e+00 0.00e+00
1 1004 0 0.00e+00 0.00e+00 0.00e+00 -- 0.00e+00 0.00e+00 0.00e+00 -- 0.00e+00 0.00e+00 0.00e+00 -- 0.00e+00 0.00e+00 0.00e+00
1 1004 1 0.00e+00 0.00e+00 0.00e+00 -- 0.00e+00 0.00e+00 0.00e+00 -- 0.00e+00 0.00e+00 0.00e+00 -- 0.00e+00 0.00e+00 0.00e+00
1 1004 2 0.00e+00 0.00e+00 0.00e+00 -- 0.00e+00 0.00e+00 0.00e+00 -- 0.00e+00 0.00e+00 0.00e+00 -- 0.00e+00 0.00e+00 0.00e+00
1 1004 3 0.00e+00 0.00e+00 0.00e+00 -- 0.00e+00 0.00e+00 0.00e+00 -- 0.00e+00 0.00e+00 0.00e+00 -- 0.00e+00 0.00e+00 0.00e+00
1 1004 4 0.00e+00 0.00e+00 0.00e+00 -- 0.00e+00 0.00e+00 0.00e+00 -- 0.00e+00 0.00e+00 0.00e+00 -- 0.00e+00 0.00e+00 0.00e+00
1 1004 5 0.00e+00 0.00e+00 0.00e+00 -- 0.00e+00 0.00e+00 0.00e+00 -- 0.00e+00 0.00e+00 0.00e+00 -- 0.00e+00 0.00e+00 0.00e+00
1 1004 6 0.00e+00 0.00e+00 0.00e+00 -- 0.00e+00 0.00e+00 0.00e+00 -- 0.00e+00 0.00e+00 0.00e+00 -- 0.00e+00 0.00e+00 0.00e+00
1 1004 7 0.00e+00 0.00e+00 0.00e+00 -- 0.00e+00 0.00e+00 0.00e+00 -- 0.00e+00 0.00e+00 0.00e+00 -- 0.00e+00 0.00e+00 0.00e+00
1 1004 8 0.00e+00 0.00e+00 0.00e+00 -- 0.00e+00 0.00e+00 0.00e+00 -- 0.00e+00 0.00e+00 0.00e+00 -- 0.00e+00 0.00e+00 0.00e+00
1 1004 9 0.00e+00 0.00e+00 0.00e+00 -- 0.00e+00 0.00e+00 0.00e+00 -- 0.00e+00 0.00e+00 0.00e+00 -- 0.00e+00 0.00e+00 0.00e+00
1 1004 10 0.00e+00 0.00e+00 0.00e+00 -- 0.00e+00 0.00e+00 0.00e+00 -- 0.00e+00 0.00e+00 0.00e+00 -- 0.00e+00 0.00e+00 0.00e+00
1 1004 11 0.00e+00 0.00e+00 0.00e+00 -- 0.00e+00 0.00e+00 0.00e+00 -- 0.00e+00 0.00e+00 0.00e+00 -- 0.00e+00 0.00e+00 0.00e+00
1 1004 12 0.00e+00 0.00e+00 0.00e+00 -- 0.00e+00 0.00e+00 0.00e+00 -- 0.00e+00 0.00e+00 0.00e+00 -- 0.00e+00 0.00e+00 0.00e+00
1 1004 13 0.00e+00 0.00e+00 0.00e+00 -- 0.00e+00 0.00e+00 0.00e+00 -- 0.00e+00 0.00e+00 0.00e+00 -- 0.00e+00 0.00e+00 0.00e+00
1 1004 14 0.00e+00 0.00e+00 0.00e+00 -- 0.00e+00 0.00e+00 0.00e+00 -- 0.00e+00 0.00e+00 0.00e+00 -- 0.00e+00 0.00e+00 0.00e+00
1 1004 15 0.00e+00 0.00e+00 0.00e+00 -- 0.00e+00 0.00e+00 0.00e+00 -- 0.00e+00 0.00e+00 0.00e+00 -- 0.00e+00 0.00e+00 0.00e+00
1 1004 16 0.00e+00 0.00e+00 0.00e+00 -- 0.00e+00 0.00e+00 0.00e+00 -- 0.00e+00 0.00e+00 0.00e+00 -- 0.00e+00 0.00e+00 0.00e+00
1 1004 17 0.00e+00 0.00e+00 0.00e+00 -- 0.00e+00 0.00e+00 0.00e+00 -- 0.00e+00 0.00e+00 0.00e+00 -- 0.00e+00 0.00e+00 0.00e+00
1 1004 18 0.00e+00 0.00e+00 0.00e+00 -- 0.00e+00 0.00e+00 0.00e+00 -- 0.00e+00 0.00e+00 0.00e+00 -- 0.00e+00 0.00e+00 0.00e+00
1 1004 19 0.00e+00 0.00e+00 0.00e+00 -- 0.00e+00 0.00e+00 0.00e+00 -- 0.00e+00 0.00e+00 0.00e+00 -- 0.00e+00 0.00e+00 0.00e+00
1 1004 20 0.00e+00 0.00e+00 0.00e+00 -- 0.00e+00 0.00e+00 0.00e+00 -- 0.00e+00 0.00e+00 0.00e+00 -- 0.00e+00 0.00e+00 0.00e+00
1 1004 21 0.00e+00 0.00e+00 0.00e+00 -- 0.00e+00 0.00e+00 0.00e+00 -- 0.00e+00 0.00e+00 0.00e+00 -- 0.00e+00 0.00e+00 0.00e+00
1 1004 22 0.00e+00 0.00e+00 0.00e+00 -- 0.00e+00 0.00e+00 0.00e+00 -- 0.00e+00 0.00e+00 0.00e+00 -- 0.00e+00 0.00e+00 0.00e+00
1 1004 23 0.00e+00 0.00e+00 0.00e+00 -- 0.00e+00 0.00e+00 0.00e+00 -- 0.00e+00 0.00e+00 0.00e+00 -- 0.00e+00 0.00e+00 0.00e+00
1 1004 24 0.00e+00 0.00e+00 0.00e+00 -- 0.00e+00 0.00e+00 0.00e+00 -- 0.00e+00 0.00e+00 0.00e+00 -- 0.00e+00 0.00e+00 0.00e+00
1 1004 25 0.00e+00 0.00e+00 0.00e+00 -- 0.00e+00 0.00e+00 0.00e+00 -- 0.00e+00 0.00e+00 0.00e+00 -- 0.00e+00 0.00e+00 0.00e+00
1 1004 26 0.00e+00 0.00e+00 0.00e+00 -- 0.00e+00 0.00e+00 0.00e+00 -- 0.00e+00 0.00e+00 0.00e+00 -- 0.00e+00 0.00e+00 0.00e+00
1 1004 27 0.00e+00 0.00e+00 0.00e+00 -- 0.00e+00 0.00e+00 0.00e+00 -- 0.00e+00 0.00e+00 0.00e+00 -- 0.00e+00 0.00e+00 0.00e+00
1 1004 28 0.00e+00 0.00e+00 0.00e+00 -- 0.00e+00 0.00e+00 0.00e+00 -- 0.00e+00 0.00e+00 0.00e+00 -- 0.00e+00 0.00e+00 0.00e+00
1 1004 29 0.00e+00 0.00e+00 0.00e+00 -- 0.00e+00 0.00e+00 0.00e+00 -- 0.00e+00 0.00e+00 0.00e+00 -- 0.00e+00 0.00e+00 0.00e+00
1 1004 30 0.00e+00 0.00e+00 0.00e+00 -- 0.00e+00 0.00e+00 0.00e+00 -- 0.00e+00 0.00e+00 0.00e+00 -- 0.00e+00 0.00e+00 0.00e+00
1 1004 31 0.00e+00 0.00e+00 0.00e+00 -- 0.00e+00 0.00e+00 0.00e+00 -- 0.00e+00 0.00e+00 0.00e+00 -- 0.00e+00 0.00e+00 0.00e+00
1 1004 32 0.00e+00 0.00e+00 0.00e+00 -- 0.00e+00 0.00e+00 0.00e+00 -- 0.00e+00 0.00e+00 0.00e+00 -- 0.00e+00 0.00e+00 0.00e+00
1 1004 33 0.00e+00 0.00e+00 0.00e+00 -- 0.00e+00 0.00e+00 0.00e+00 -- 0.00e+00 0.00e+00 0.00e+00 -- 0.00e+00 0.00e+00 0.00e+00
1 1004 34 0.00e+00 0.00e+00 0.00e+00 -- 0.00e+00 0.00e+00 0.00e+00 -- 0.00e+00 0.00e+00 0.00e+00 -- 0.00e+00 0.00e+00 0.00e+00
1 1004 35 0.00e+00 0.00e+00 0.00e+00 -- 0.00e+00 0.00e+00 0.00e+00 -- 0.00e+00 0.00e+00 0.00e+00 -- 0.00e+00 0.00e+00 0.00e+00
1 1004 36 0.00e+00 0.00e+00 0.00e+00 -- 0.00e+00 0.00e+00 0.00e+00 -- 0.00e+00 0.00e+00 0.00e+00 -- 0.00e+00 0.00e+00 0.00e+00
1 1004 37 0.00e+00 0.00e+00 0.00e+00 -- 0.00e+00 0.00e+00 0.00e+00 -- 0.00e+00 0.00e+00 0.00e+00 -- 0.00e+00 0.00e+00 0.00e+00
1 1004 38 0.00e+00 0.00e+00 0.00e+00 -- 0.00e+00 0.00e+00 0.00e+00 -- 0.00e+00 0.00e+00 0.00e+00 -- 0.00e+00 0.00e+00 0.00e+00
1 1004 39 0.00e+00 0.00e+00 0.00e+00 -- 0.00e+00 0.00e+00 0.00e+00 -- 0.00e+00 0.00e+00 0.00e+00 -- 0.00e+00 0.00e+00 0.00e+00
1 1004 40 0.00e+00 0.00e+00 0.00e+00 -- 0.00e+00 0.00e+00 0.00e+00 -- 0.00e+00 0.00e+00 0.00e+00 -- 0.00e+00 0.00e+00 0.00e+00
1 1004 41 0.00e+00 0.00e+00 0.00e+00 -- 0.00e+00 0.00e+00 0.00e+00 -- 0.00e+00 0.00e+00 0.00e+00 -- 0.00e+00 0.00e+00 0.00e+00
1 1004 42 0.00e+00 0.00e+00 0.00e+00 -- 0.00e+00 0.00e+00 0.00e+00 -- 0.00e+00 0.00e+00 0.00e+00 -- 0.00e+00 0.00e+00 0.00e+00
1 1004 43 0.00e+00 0.00e+00 0.00e+00 -- 0.00e+00 0.00e+00 0.00e+00 -- 0.00e+00 0.00e+00 0.00e+00 -- 0.00e+00 0.00e+00 0.00e+00
1 1004 44 0.00e+00 0.00e+00 0.00e+00 -- 0.00e+00 0.00e+00 0.00e+00 -- 0.00e+00 0.00e+00 0.00e+00 -- 0.00e+00 0.00e+00 0.00e+00
1 1004 45 0.00e+00 0.00e+00 0.00e+00 -- 0.00e+00 0.00e+00 0.00e+00 -- 0.00e+00 0.00e+00 0.00e+00 -- 0.00e+00 0.00e+00 0.00e+00
1 1004 46 0.00e+00 0.00e+00 0.00e+00 -- 0.00e+00 0.00e+00 0.00e+00 -- 0.00e+00 0.00e+00 0.00e+00 -- 0.00e+00 0.00e+00 0.00e+00
1 1004 47 0.00e+00 0.00e+00 0.00e+00 -- 0.00e+00 0.00e+00 0.00e+00 -- 0.00e+00 0.00e+00 0.00e+00 -- 0.00e+00 0.00e+00 0.00e+00
1 1004 48 0.00e+00 0.00e+00 0.00e+00 -- 0.00e+00 0.00e+00 0.00e+00 -- 0.00e+00 0.00e+00 0.00e+00 -- 0.00e+00 0.00e+00 0.00e+00
1 1004 49 0.00e+00 0.00e+00 0.00e+00 -- 0.00e+00 0.00e+00 0.00e+00 -- 0.00e+00 0.00e+00 0.00e+00 -- 0.00e+00 0.00e+00 0.00e+00
1 1004 50 0.00e+00 0.00e+00 0.00e+00 -- 0.00e+00 0.00e+00 0.00e+00 -- 0.00e+00 0.00e+00 0.00e+00 -- 0.00e+00 0.00e+00 0.00e+00
1 1004 51 0.00e+00 0.00e+00 0.00e+00 -- 0.00e+00 0.00e+00 0.00e+00 -- 0.00e+00 0.00e+00 0.00e+00 -- 0.00e+00 0.00e+00 0.00e+00
1 1004 52 0.00e+00 0.00e+00 0.00e+00 -- 0.00e+00 0.00e+00 0.00e+00 -- 0.00e+00 0.00e+00 0.00e+00 -- 0.00e+00 0.00e+00 0.00e+00
1 1004 53 0.00e+00 0.00e+00 0.00e+00 -- 0.00e+00 0.00e+00 0.00e+00 -- 0.00e+00 0.00e+00 0.00e+00 -- 0.00e+00 0.00e+00 0.00e+00
1 1004 54 0.00e+00 0.00e+00 0.00e+00 -- 0.00e+00 0.00e+00 0.00e+00 -- 0.00e+00 0.00e+00 0.00e+00 -- 0.00e+00 0.00e+00 0.00e+00
1 1004 55 0.00e+00 0.00e+00 0.00e+00 -- 0.00e+00 0.00e+00 0.00e+00 -- 0.00e+00 0.00e+00 0.00e+00 -- 0.00e+00 0.00e+00 0.00e+00
1 1004 56 0.00e+00 0.00e+00 0.00e+00 -- 0.00e+00 0.00e+00 0.00e+00 -- 0.00e+00 0.00e+00 0.00e+00 -- 0.00e+00 0.00e+00 0.00e+00
1 1004 57 0.00e+00 0.00e+00 0.00e+00 -- 0.00e+00 0.00e+00 0.00e+00 -- 0.00e+00 0.00e+00 0.00e+00 -- 0.00e+00 0.00e+00 0.00e+00
1 1004 58 0.00e+00 0.00e+00 0.00e+00 -- 0.00e+00 0.00e+00 0.00e+00 -- 0.00e+00 0.00e+00 0.00e+00 -- 0.00e+00 0.00e+00 0.00e+00
1 1004 59 0.00e+00 0.00e+00 0.00e+00 -- 0.00e+00 0.00e+00 0.00e+00 -- 0.00e+00 0.00e+00 0.00e+00 -- 0.00e+00 0.00e+00 0.00e+00
1 1004 60 0.00e+00 0.00e+00 0.00e+00 -- 0.00e+00 0.00e+00 0.00e+00 -- 0.00e+00 0.00e+00 0.00e+00 -- 0.00e+00 0.00e+00 0.00e+00
1 1004 61 0.00e+00 0.00e+00 0.00e+00 -- 0.00e+00 0.00e+00 0.00e+00 -- 0.00e+00 0.00e+00 0.00e+00 -- 0.00e+00 0.00e+00 0.00e+00
1 1004 62 0.00e+00 0.00e+00 0.00e+00 -- 0.00e+00 0.00e+00 0.00e+00 -- 0.00e+00 0.00e+00 0.00e+00 -- 0.00e+00 0.00e+00 0.00e+00
1 1004 63 0.00e+00 0.00e+00 0.00e+00 -- 0.00e+00 0.00e+00 0.00e+00 -- 0.00e+00 0.00e+00 0.00e+00 -- 0.00e+00 0.00e+00 0.00e+00
1 1004 64 0.00e+00 0.00e+00 0.00e+00 -- 0.00e+00 0.00e+00 0.00e+00 -- 0.00e+00 0.00e+00 0.00e+00 -- 0.00e+00 0.00e+00 0.00e+00
1 1004 65 0.00e+00 0.00e+00 0.00e+00 -- 0.00e+00 0.00e+00 0.00e+00 -- 0.00e+00 0.00e+00 0.00e+00 -- 0.00e+00 0.00e+00 0.00e+00
1 1004 66 0.00e+00 0.00e+00 0.00e+00 -- 0.00e+00 0.00e+00 0.00e+00 -- 0.00e+00 0.00e+00 0.00e+00 -- 0.00e+00 0.00e+00 0.00e+00
1 1004 67 0.00e+00 0.00e+00 0.00e+00 -- 0.00e+00 0.00e+00 0.00e+00 -- 0.00e+00 0.00e+00 0.00e+00 -- 0.00e+00 0.00e+00 0.00e+00
1 1004 68 0.00e+00 0.00e+00 0.00e+00 -- 0.00e+00 0.00e+00 0.00e+00 -- 0.00e+00 0.00e+00 0.00e+00 -- 0.00e+00 0.00e+00 0.00e+00
1 1004 69 0.00e+00 0.00e+00 0.00e+00 -- 0.00e+00 0.00e+00 0.00e+00 -- 0.00e+00 0.00e+00 0.00e+00 -- 0.00e+00 0.00e+00 0.00e+00
1 1004 70 0.00e+00 0.00e+00 0.00e+00 -- 0.00e+00 0.00e+00 0.00e+00 -- 0.00e+00 0.00e+00 0.00e+00 -- 0.00e+00 0.00e+00 0.00e+00
1 1004 71 0.00e+00 0.00e+00 0.00e+00 -- 0.00e+00 0.00e+00 0.00e+00 -- 0.00e+00 0.00e+00 0.00e+00 -- 0.00e+00 0.00e+00 0.00e+00
1 1004 72 0.00e+00 0.00e+00 0.00e+00 -- 0.00e+00 0.00e+00 0.00e+00 -- 0.00e+00 0.00e+00 0.00e+00 -- 0.00e+00 0.00e+00 0.00e+00
1 1004 73 0.00e+00 0.00e+00 0.00e+00 -- 0.00e+00 0.00e+00 0.00e+00 -- 0.00e+00 0.00e+00 0.00e+00 -- 0.00e+00 0.00e+00 0.00e+00
1 1004 74 0.00e+00 0.00e+00 0.00e+00 -- 0.00e+00 0.00e+00 0.00e+00 -- 0.00e+00 0.00e+00 0.00e+00 -- 0.00e+00 0.00e+00 0.00e+00
1 1004 75 0.00e+00 0.00e+00 0.00e+00 -- 0.00e+00 0.00e+00 0.00e+00 -- 0.00e+00 0.00e+00 0.00e+00 -- 0.00e+00 0.00e+00 0.00e+00
1 1004 76 0.00e+00 0.00e+00 0.00e+00 -- 0.00e+00 0.00e+00 0.00e+00 -- 0.00e+00 0.00e+00 0.00e+00 -- 0.00e+00 0.00e+00 0.00e+00
1 1004 77 0.00e+00 0.00e+00 0.00e+00 -- 0.00e+00 0.00e+00 0.00e+00 -- 0.00e+00 0.00e+00 0.00e+00 -- 0.00e+00 0.00e+00 0.00e+00
1 1004 78 0.00e+00 0.00e+00 0.00e+00 -- 0.00e+00 0.00e+00 0.00e+00 -- 0.00e+00 0.00e+00 0.00e+00 -- 0.00e+00 0.00e+00 0.00e+00
1 1004 79 0.00e+00 0.00e+00 0.00e+00 -- 0.00e+00 0.00e+00 0.00e+00 -- 0.00e+00 0.00e+00 0.00e+00 -- 0.00e+00 0.00e+00 0.00e+00
1 1004 80 0.00e+00 0.00e+00 0.00e+00 -- 0.00e+00 0.00e+00 0.00e+00 -- 0.00e+00 0.00e+00 0.00e+00 -- 0.00e+00 0.00e+00 0.00e+00
1 1004 81 0.00e+00 0.00e+00 0.00e+00 -- 0.00e+00 0.00e+00 0.00e+00 -- 0.00e+00 0.00e+00 0.00e+00 -- 0.00e+00 0.00e+00 0.00e+00
1 1004 82 0.00e+00 0.00e+00 0.00e+00 -- 0.00e+00 0.00e+00 0.00e+00 -- 0.00e+00 0.00e+00 0.00e+00 -- 0.00e+00 0.00e+00 0.00e+00
1 1004 83 0.00e+00 0.00e+00 0.00e+00 -- 0.00e+00 0.00e+00 0.00e+00 -- 0.00e+00 0.00e+00 0.00e+00 -- 0.00e+00 0.00e+00 0.00e+00
1 1004 84 0.00e+00 0.00e+00 0.00e+00 -- 0.00e+00 0.00e+00 0.00e+00 -- 0.00e+00 0.00e+00 0.00e+00 -- 0.00e+00 0.00e+00 0.00e+00
1 1004 85 0.00e+00 0.00e+00 0.00e+00 -- 0.00e+00 0.00e+00 0.00e+00 -- 0.00e+00 0.00e+00 0.00e+00 -- 0.00e+00 0.00e+00 0.00e+00
1 1004 86 0.00e+00 0.00e+00 0.00e+00 -- 0.00e+00 0.00e+00 0.00e+00 -- 0.00e+00 0.00e+00 0.00e+00 -- 0.00e+00 0.00e+00 0.00e+00
1 1004 87 0.00e+00 0.00e+00 0.00e+00 -- 0.00e+00 0.00e+00 0.00e+00 -- 0.00e+00 0.00e+00 0.00e+00 -- 0.00e+00 0.00e+00 0.00e+00
1 1004 88 0.00e+00 0.00e+00 0.00e+00 -- 0.00e+00 0.00e+00 0.00e+00 -- 0.00e+00 0.00e+00 0.00e+00 -- 0.00e+00 0.00e+00 0.00e+00
1 1004 89 0.00e+00 0.00e+00 0.00e+00 -- 0.00e+00 0.00e+00 0.00e+00 -- 0.00e+00 0.00e+00 0.00e+00 -- 0.00e+00 0.00e+00 0.00e+00
1 1004 90 0.00e+00 0.00e+00 0.00e+00 -- 0.00e+00 0.00e+00 0.00e+00 -- 0.00e+00 0.00e+00 0.00e+00 -- 0.00e+00 0.00e+00 0.00e+00
1 1004 91 0.00e+00 0.00e+00 0.00e+00 -- 0.00e+00 0.00e+00 0.00e+00 -- 0.00e+00 0.00e+00 0.00e+00 -- 0.00e+00 0.00e+00 0.00e+00
1 1004 92 0.00e+00 0.00e+00 0.00e+00 -- 0.00e+00 0.00e+00 0.00e+00 -- 0.00e+00 0.00e+00 0.00e+00 -- 0.00e+00 0.00e+00 0.00e+00
1 1004 93 0.00e+00 0.00e+00 0.00e+00 -- 0.00e+00 0.00e+00 0.00e+00 -- 0.00e+00 0.00e+00 0.00e+00 -- 0.00e+00 0.00e+00 0.00e+00
1 1004 94 0.00e+00 0.00e+00 0.00e+00 -- 0.00e+00 0.00e+00 0.00e+00 -- 0.00e+00 0.00e+00 0.00e+00 -- 0.00e+00 0.00e+00 0.00e+00
1 1004 95 0.00e+00 0.00e+00 0.00e+00 -- 0.00e+00 0.00e+00 0.00e+00 -- 0.00e+00 0.00e+00 0.00e+00 -- 0.00e+00 0.00e+00 0.00e+00
1 1004 96 0.00e+00 0.00e+00 0.00e+00 -- 0.00e+00 0.00e+00 0.00e+00 -- 0.00e+00 0.00e+00 0.00e+00 -- 0.00e+00 0.00e+00 0.00e+00
1 1004 97 0.00e+00 0.00e+00 0.00e+00 -- 0.00e+00 0.00e+00 0.00e+00 -- 0.00e+00 0.00e+00 0.00e+00 -- 0.00e+00 0.00e+00 0.00e+00
1 1004 98 0.00e+00 0.00e+00 0.00e+00 -- 0.00e+00 0.00e+00 0.00e+00 -- 0.00e+00 0.00e+00 0.00e+00 -- 0.00e+00 0.00e+00 0.00e+00
1 1004 99 0.00e+00 0.00e+00 0.00e+00 -- 0.00e+00 0.00e+00 0.00e+00 -- 0.00e+00 0.00e+00 0.00e+00 -- 0.00e+00 0.00e+00 0.00e+00
1 1004 100 0.00e+00 0.00e+00 0.00e+00 -- 0.00e+00 0.00e+00 0.00e+00 -- 0.00e+00 0.00e+00 0.00e+00 -- 0.00e+00 0.00e+00 0.00e+00
1 1004 101 0.00e+00 0.00e+00 0.00e+00 -- 0.00e+00 0.00e+00 0.00e+00 -- 0.00e+00 0.00e+00 0.00e+00 -- 0.00e+00 0.00e+00 0.00e+00
1 1004 102 0.00e+00 0.00e+00 0.00e+00 -- 0.00e+00 0.00e+00 0.00e+00 -- 0.00e+00 0.00e+00 0.00e+00 -- 0.00e+00 0.00e+00 0.00e+00
1 1004 103 0.00e+00 0.00e+00 0.00e+00 -- 0.00e+00 0.00e+00 0.00e+00 -- 0.00e+00 0.00e+00 0.00e+00 -- 0.00e+00 0.00e+00 0.00e+00
1 1004 104 0.00e+00 0.00e+00 0.00e+00 -- 0.00e+00 0.00e+00 0.00e+00 -- 0.00e+00 0.00e+00 0.00e+00 -- 0.00e+00 0.00e+00 0.00e+00
1 1004 105 0.00e+00 0.00e+00 0.00e+00 -- 0.00e+00 0.00e+00 0.00e+00 -- 0.00e+00 0.00e+00 0.00e+00 -- 0.00e+00 0.00e+00 0.00e+00
1 1004 106 0.00e+00 0.00e+00 0.00e+00 -- 0.00e+00 0.00e+00 0.00e+00 -- 0.00e+00 0.00e+00 0.00e+00 -- 0.00e+00 0.00e+00 0.00e+00
1 1004 107 0.00e+00 0.00e+00 0.00e+00 -- 0.00e+00 0.00e+00 0.00e+00 -- 0.00e+00 0.00e+00 0.00e+00 -- 0.00e+00 0.00e+00 0.00e+00
1 1004 108 0.00e+00 0.00e+00 0.00e+00 -- 0.00e+00 0.00e+00 0.00e+00 -- 0.00e+00 0.00e+00 0.00e+00 -- 0.00e+00 0.00e+00 0.00e+00
1 1004 109 0.00e+00 0.00e+00 0.00e+00 -- 0.00e+00 0.00e+00 0.00e+00 -- 0.00e+00 0.00e+00 0.00e+00 -- 0.00e+00 0.00e+00 0.00e+00
1 1004 110 0.00e+00 0.00e+00 0.00e+00 -- 0.00e+00 0.00e+00 0.00e+00 -- 0.00e+00 0.00e+00 0.00e+00 -- 0.00e+00 0.00e+00 0.00e+00
1 1004 111 0.00e+00 0.00e+00 0.00e+00 -- 0.00e+00 0.00e+00 0.00e+00 -- 0.00e+00 0.00e+00 0.00e+00 -- 0.00e+00 0.00e+00 0.00e+00
1 1004 112 0.00e+00 0.00e+00 0.00e+00 -- 0.00e+00 0.00e+00 0.00e+00 -- 0.00e+00 0.00e+00 0.00e+00 -- 0.00e+00 0.00e+00 0.00e+00
1 1004 113 0.00e+00 0.00e+00 0.00e+00 -- 0.00e+00 0.00e+00 0.00e+00 -- 0.00e+00 0.00e+00 0.00e+00 -- 0.00e+00 0.00e+00 0.00e+00
1 1004 114 0.00e+00 0.00e+00 0.00e+00 -- 0.00e+00 0.00e+00 0.00e+00 -- 0.00e+00 0.00e+00 0.00e+00 -- 0.00e+00 0.00e+00 0.00e+00
1 1004 115 0.00e+00 0.00e+00 0.00e+00 -- 0.00e+00 0.00e+00 0.00e+00 -- 0.00e+00 0.00e+00 0.00e+00 -- 0.00e+00 0.00e+00 0.00e+00
1 1004 116 0.00e+00 0.00e+00 0.00e+00 -- 0.00e+00 0.00e+00 0.00e+00 -- 0.00e+00 0.00e+00 0.00e+00 -- 0.00e+00 0.00e+00 0.00e+00
1 1004 117 0.00e+00 0.00e+00 0.00e+00 -- 0.00e+00 0.00e+00 0.00e+00 -- 0.00e+00 0.00e+00 0.00e+00 -- 0.00e+00 0.00e+00 0.00e+00
1 1004 118 0.00e+00 0.00e+00 0.00e+00 -- 0.00e+00 0.00e+00 0.00e+00 -- 0.00e+00 0.00e+00 0.00e+00 -- 0.00e+00 0.00e+00 0.00e+00
1 1004 119 0.00e+00 0.00e+00 0.00e+00 -- 0.00e+00 0.00e+00 0.00e+00 -- 0.00e+00 0.00e+00 0.00e+00 -- 0.00e+00 0.00e+00 0.00e+00
1 1004 120 0.00e+00 0.00e+00 0.00e+00 -- 0.00e+00 0.00e+00 0.00e+00 -- 0.00e+00 0.00e+00 0.00e+00 -- 0.00e+00 0.00e+00 0.00e+00
1 1004 121 0.00e+00 0.00e+00 0.00e+00 -- 0.00e+00 0.00e+00 0.00e+00 -- 0.00e+00 0.00e+00 0.00e+00 -- 0.00e+00 0.00e+00 0.00e+00
1 1004 122 0.00e+00 0.00e+00 0.00e+00 -- 0.00e+00 0.00e+00 0.00e+00 -- 0.00e+00 0.00e+00 0.00e+00 -- 0.00e+00 0.00e+00 0.00e+00
1 1004 123 0.00e+00 0.00e+00 0.00e+00 -- 0.00e+00 0.00e+00 0.00e+00 -- 0.00e+00 0.00e+00 0.00e+00 -- 0.00e+00 0.00e+00 0.00e+00
1 1004 124 0.00e+00 0.00e+00 0.00e+00 -- 0.00e+00 0.00e+00 0.00e+00 -- 0.00e+00 0.00e+00 0.00e+00 -- 0.00e+00 0.00e+00 0.00e+00
1 1004 125 0.00e+00 0.00e+00 0.00e+00 -- 0.00e+00 0.00e+00 0.00e+00 -- 0.00e+00 0.00e+00 0.00e+00 -- 0.00e+00 0.00e+00 0.00e+00
1 1004 126 0.00e+00 0.00e+00 0.00e+00 -- 0.00e+00 0.00e+00 0.00e+00 -- 0.00e+00 0.00e+00 0.00e+00 -- 0.00e+00 0.00e+00 0.00e+00
1 1004 127 0.00e+00 0.00e+00 0.00e+00 -- 0.00e+00 0.00e+00 0.00e+00 -- 0.00e+00 0.00e+00 0.00e+00 -- 0.00e+00 0.00e+00 0.00e+00
1 1004 128 0.00e+00 0.00e+00 0.00e+00 -- 0.00e+00 0.00e+00 0.00e+00 -- 0.00e+00 0.00e+00 0.00e+00 -- 0.00e+00 0.00e+00 0.00e+00
1 1004 129 0.00e+00 0.00e+00 0.00e+00 -- 0.00e+00 0.00e+00 0.00e+00 -- 0.00e+00 0.00e+00 0.00e+00 -- 0.00e+00 0.00e+00 0.00e+00
1 1004 130 0.00e+00 0.00e+00 0.00e+00 -- 0.00e+00 0.00e+00 0.00e+00 -- 0.00e+00 0.00e+00 0.00e+00 -- 0.00e+00 0.00e+00 0.00e+00
1 1004 131 0.00e+00 0.00e+00 0.00e+00 -- 0.00e+00 0.00e+00 0.00e+00 -- 0.00e+00 0.00e+00 0.00e+00 -- 0.00e+00 0.00e+00 0.00e+00
1 1004 132 0.00e+00 0.00e+00 0.00e+00 -- 0.00e+00 0.00e+00 0.00e+00 -- 0.00e+00 0.00e+00 0.00e+00 -- 0.00e+00 0.00e+00 0.00e+00
1 1004 133 0.00e+00 0.00e+00 0.00e+00 -- 0.00e+00 0.00e+00 0.00e+00 -- 0.00e+00 0.00e+00 0.00e+00 -- 0.00e+00 0.00e+00 0.00e+00
1 1004 134 0.00e+00 0.00e+00 0.00e+00 -- 0.00e+00 0.00e+00 0.00e+00 -- 0.00e+00 0.00e+00 0.00e+00 -- 0.00e+00 0.00e+00 0.00e+00
1 1004 135 0.00e+00 0.00e+00 0.00e+00 -- 0.00e+00 0.00e+00 0.00e+00 -- 0.00e+00 0.00e+00 0.00e+00 -- 0.00e+00 0.00e+00 0.00e+00
1 1004 136 0.00e+00 0.00e+00 0.00e+00 -- 0.00e+00 0.00e+00 0.00e+00 -- 0.00e+00 0.00e+00 0.00e+00 -- 0.00e+00 0.00e+00 0.00e+00
1 1004 137 0.00e+00 0.00e+00 0.00e+00 -- 0.00e+00 0.00e+00 0.00e+00 -- 0.00e+00 0.00e+00 0.00e+00 -- 0.00e+00 0.00e+00 0.00e+00
1 1004 138 0.00e+00 0.00e+00 0.00e+00 -- 0.00e+00 0.00e+00 0.00e+00 -- 0.00e+00 0.00e+00 0.00e+00 -- 0.00e+00 0.00e+00 0.00e+00
1 1004 139 0.00e+00 0.00e+00 0.00e+00 -- 0.00e+00 0.00e+00 0.00e+00 -- 0.00e+00 0.00e+00 0.00e+00 -- 0.00e+00 0.00e+00 0.00e+00
1 1004 140 0.00e+00 0.00e+00 0.00e+00 -- 0.00e+00 0.00e+00 0.00e+00 -- 0.00e+00 0.00e+00 0.00e+00 -- 0.00e+00 0.00e+00 0.00e+00
1 1004 141 0.00e+00 0.00e+00 0.00e+00 -- 0.00e+00 0.00e+00 0.00e+00 -- 0.00e+00 0.00e+00 0.00e+00 -- 0.00e+00 0.00e+00 0.00e+00
1 1004 142 0.00e+00 0.00e+00 0.00e+00 -- 0.00e+00 0.00e+00 0.00e+00 -- 0.00e+00 0.00e+00 0.00e+00 -- 0.00e+00 0.00e+00 0.00e+00
1 1004 143 0.00e+00 0.00e+00 0.00e+00 -- 0.00e+00 0.00e+00 0.00e+00 -- 0.00e+00 0.00e+00 0.00e+00 -- 0.00e+00 0.00e+00 0.00e+00
1 1004 144 0.00e+00 0.00e+00 0.00e+00 -- 0.00e+00 0.00e+00 0.00e+00 -- 0.00e+00 0.00e+00 0.00e+00 -- 0.00e+00 0.00e+00 0.00e+00
1 1004 145 0.00e+00 0.00e+00 0.00e+00 -- 0.00e+00 0.00e+00 0.00e+00 -- 0.00e+00 0.00e+00 0.00e+00 -- 0.00e+00 0.00e+00 0.00e+00
1 1004 146 0.00e+00 0.00e+00 0.00e+00 -- 0.00e+00 0.00e+00 0.00e+00 -- 0.00e+00 0.00e+00 0.00e+00 -- 0.00e+00 0.00e+00 0.00e+00
1 1004 147 0.00e+00 0.00e+00 0.00e+00 -- 0.00e+00 0.00e+00 0.00e+00 -- 0.00e+00 0.00e+00 0.00e+00 -- 0.00e+00 0.00e+00 0.00e+00
1 1004 148 0.00e+00 0.00e+00 0.00e+00 -- 0.00e+00 0.00e+00 0.00e+00 -- 0.00e+00 0.00e+00 0.00e+00 -- 0.00e+00 0.00e+00 0.00e+00
1 1004 149 0.00e+00 0.00e+00 0.00e+00 -- 0.00e+00 0.00e+00 0.00e+00 -- 0.00e+00 0.00e+00 0.00e+00 -- 0.00e+00 0.00e+00 0.00e+00
1 1004 150 0.00e+00 0.00e+00 0.00e+00 -- 0.00e+00 0.00e+00 0.00e+00 -- 0.00e+00 0.00e+00 0.00e+00 -- 0.00e+00 0.00e+00 0.00e+00
1 1004 151 0.00e+00 0.00e+00 0.00e+00 -- 0.00e+00 0.00e+00 0.00e+00 -- 0.00e+00 0.00e+00 0.00e+00 -- 0.00e+00 0.00e+00 0.00e+00
1 1004 152 0.00e+00 0.00e+00 0.00e+00 -- 0.00e+00 0.00e+00 0.00e+00 -- 0.00e+00 0.00e+00 0.00e+00 -- 0.00e+00 0.00e+00 0.00e+00
1 1004 153 0.00e+00 0.00e+00 0.00e+00 -- 0.00e+00 0.00e+00 0.00e+00 -- 0.00e+00 0.00e+00 0.00e+00 -- 0.00e+00 0.00e+00 0.00e+00
1 1004 154 0.00e+00 0.00e+00 0.00e+00 -- 0.00e+00 0.00e+00 0.00e+00 -- 0.00e+00 0.00e+00 0.00e+00 -- 0.00e+00 0.00e+00 0.00e+00
1 1004 155 0.00e+00 0.00e+00 0.00e+00 -- 0.00e+00 0.00e+00 0.00e+00 -- 0.00e+00 0.00e+00 0.00e+00 -- 0.00e+00 0.00e+00 0.00e+00
1 1004 156 0.00e+00 0.00e+00 0.00e+00 -- 0.00e+00 0.00e+00 0.00e+00 -- 0.00e+00 0.00e+00 0.00e+00 -- 0.00e+00 0.00e+00 0.00e+00
1 1004 157 0.00e+00 0.00e+00 0.00e+00 -- 0.00e+00 0.00e+00 0.00e+00 -- 0.00e+00 0.00e+00 0.00e+00 -- 0.00e+00 0.00e+00 0.00e+00
1 1004 158 0.00e+00 0.00e+00 0.00e+00 -- 0.00e+00 0.00e+00 0.00e+00 -- 0.00e+00 0.00e+00 0.00e+00 -- 0.00e+00 0.00e+00 0.00e+00
1 1004 159 0.00e+00 0.00e+00 0.00e+00 -- 0.00e+00 0.00e+00 0.00e+00 -- 0.00e+00 0.00e+00 0.00e+00 -- 0.00e+00 0.00e+00 0.00e+00
1 1004 160 0.00e+00 0.00e+00 0.00e+00 -- 0.00e+00 0.00e+00 0.00e+00 -- 0.00e+00 0.00e+00 0.00e+00 -- 0.00e+00 0.00e+00 0.00e+00
1 1004 161 0.00e+00 0.00e+00 0.00e+00 -- 0.00e+00 0.00e+00 0.00e+00 -- 0.00e+00 0.00e+00 0.00e+00 -- 0.00e+00 0.00e+00 0.00e+00
1 1004 162 0.00e+00 0.00e+00 0.00e+00 -- 0.00e+00 0.00e+00 0.00e+00 -- 0.00e+00 0.00e+00 0.00e+00 -- 0.00e+00 0.00e+00 0.00e+00
1 1004 163 0.00e+00 0.00e+00 0.00e+00 -- 0.00e+00 0.00e+00 0.00e+00 -- 0.00e+00 0.00e+00 0.00e+00 -- 0.00e+00 0.00e+00 0.00e+00
1 1004 164 0.00e+00 0.00e+00 0.00e+00 -- 0.00e+00 0.00e+00 0.00e+00 -- 0.00e+00 0.00e+00 0.00e+00 -- 0.00e+00 0.00e+00 0.00e+00
1 1004 165 0.00e+00 0.00e+00 0.00e+00 -- 0.00e+00 0.00e+00 0.00e+00 -- 0.00e+00 0.00e+00 0.00e+00 -- 0.00e+00 0.00e+00 0.00e+00
1 1004 166 0.00e+00 0.00e+00 0.00e+00 -- 0.00e+00 0.00e+00 0.00e+00 -- 0.00e+00 0.00e+00 0.00e+00 -- 0.00e+00 0.00e+00 0.00e+00
1 1004 167 0.00e+00 0.00e+00 0.00e+00 -- 0.00e+00 0.00e+00 0.00e+00 -- 0.00e+00 0.00e+00 0.00e+00 -- 0.00e+00 0.00e+00 0.00e+00
1 1004 168 0.00e+00 0.00e+00 0.00e+00 -- 0.00e+00 0.00e+00 0.00e+00 -- 0.00e+00 0.00e+00 0.00e+00 -- 0.00e+00 0.00e+00 0.00e+00
1 1004 169 0.00e+00 0.00e+00 0.00e+00 -- 0.00e+00 0.00e+00 0.00e+00 -- 0.00e+00 0.00e+00 0.00e+00 -- 0.00e+00 0.00e+00 0.00e+00
1 1004 170 0.00e+00 0.00e+00 0.00e+00 -- 0.00e+00 0.00e+00 0.00e+00 -- 0.00e+00 0.00e+00 0.00e+00 -- 0.00e+00 0.00e+00 0.00e+00
1 1004 171 0.00e+00 0.00e+00 0.00e+00 -- 0.00e+00 0.00e+00 0.00e+00 -- 0.00e+00 0.00e+00 0.00e+00 -- 0.00e+00 0.00e+00 0.00e+00
1 1004 172 0.00e+00 0.00e+00 0.00e+00 -- 0.00e+00 0.00e+00 0.00e+00 -- 0.00e+00 0.00e+00 0.00e+00 -- 0.00e+00 0.00e+00 0.00e+00
1 1004 173 0.00e+00 0.00e+00 0.00e+00 -- 0.00e+00 0.00e+00 0.00e+00 -- 0.00e+00 0.00e+00 0.00e+00 -- 0.00e+00 0.00e+00 0.00e+00
1 1004 174 0.00e+00 0.00e+00 0.00e+00 -- 0.00e+00 0.00e+00 0.00e+00 -- 0.00e+00 0.00e+00 0.00e+00 -- 0.00e+00 0.00e+00 0.00e+00
1 1004 175 0.00e+00 0.00e+00 0.00e+00 -- 0.00e+00 0.00e+00 0.00e+00 -- 0.00e+00 0.00e+00 0.00e+00 -- 0.00e+00 0.00e+00 0.00e+00
1 1004 176 0.00e+00 0.00e+00 0.00e+00 -- 0.00e+00 0.00e+00 0.00e+00 -- 0.00e+00 0.00e+00 0.00e+00 -- 0.00e+00 0.00e+00 0.00e+00
1 1004 177 0.00e+00 0.00e+00 0.00e+00 -- 0.00e+00 0.00e+00 0.00e+00 -- 0.00e+00 0.00e+00 0.00e+00 -- 0.00e+00 0.00e+00 0.00e+00
1 1004 178 0.00e+00 0.00e+00 0.00e+00 -- 0.00e+00 0.00e+00 0.00e+00 -- 0.00e+00 0.00e+00 0.00e+00 -- 0.00e+00 0.00e+00 0.00e+00
1 1004 179 0.00e+00 0.00e+00 0.00e+00 -- 0.00e+00 0.00e+00 0.00e+00 -- 0.00e+00 0.00e+00 0.00e+00 -- 0.00e+00 0.00e+00 0.00e+00
1 1004 180 0.00e+00 0.00e+00 0.00e+00 -- 0.00e+00 0.00e+00 0.00e+00 -- 0.00e+00 0.00e+00 0.00e+00 -- 0.00e+00 0.00e+00 0.00e+00
1 1004 181 0.00e+00 0.00e+00 0.00e+00 -- 0.00e+00 0.00e+00 0.00e+00 -- 0.00e+00 0.00e+00 0.00e+00 -- 0.00e+00 0.00e+00 0.00e+00
1 1004 182 0.00e+00 0.00e+00 0.00e+00 -- 0.00e+00 0.00e+00 0.00e+00 -- 0.00e+00 0.00e+00 0.00e+00 -- 0.00e+00 0.00e+00 0.00e+00
1 1004 183 0.00e+00 0.00e+00 0.00e+00 -- 0.00e+00 0.00e+00 0.00e+00 -- 0.00e+00 0.00e+00 0.00e+00 -- 0.00e+00 0.00e+00 0.00e+00
1 1004 184 0.00e+00 0.00e+00 0.00e+00 -- 0.00e+00 0.00e+00 0.00e+00 -- 0.00e+00 0.00e+00 0.00e+00 -- 0.00e+00 0.00e+00 0.00e+00
1 1004 185 0.00e+00 0.00e+00 0.00e+00 -- 0.00e+00 0.00e+00 0.00e+00 -- 0.00e+00 0.00e+00 0.00e+00 -- 0.00e+00 0.00e+00 0.00e+00
1 1004 186 0.00e+00 0.00e+00 0.00e+00 -- 0.00e+00 0.00e+00 0.00e+00 -- 0.00e+00 0.00e+00 0.00e+00 -- 0.00e+00 0.00e+00 0.00e+00
1 1004 187 0.00e+00 0.00e+00 0.00e+00 -- 0.00e+00 0.00e+00 0.00e+00 -- 0.00e+00 0.00e+00 0.00e+00 -- 0.00e+00 0.00e+00 0.00e+00
1 1004 188 0.00e+00 0.00e+00 0.00e+00 -- 0.00e+00 0.00e+00 0.00e+00 -- 0.00e+00 0.00e+00 0.00e+00 -- 0.00e+00 0.00e+00 0.00e+00
1 1004 189 0.00e+00 0.00e+00 0.00e+00 -- 0.00e+00 0.00e+00 0.00e+00 -- 0.00e+00 0.00e+00 0.00e+00 -- 0.00e+00 0.00e+00 0.00e+00
1 1004 190 0.00e+00 0.00e+00 0.00e+00 -- 0.00e+00 0.00e+00 0.00e+00 -- 0.00e+00 0.00e+00 0.00e+00 -- 0.00e+00 0.00e+00 0.00e+00
1 1004 191 0.00e+00 0.00e+00 0.00e+00 -- 0.00e+00 0.00e+00 0.00e+00 -- 0.00e+00 0.00e+00 0.00e+00 -- 0.00e+00 0.00e+00 0.00e+00
1 1004 192 0.00e+00 0.00e+00 0.00e+00 -- 0.00e+00 0.00e+00 0.00e+00 -- 0.00e+00 0.00e+00 0.00e+00 -- 0.00e+00 0.00e+00 0.00e+00
1 1004 193 0.00e+00 0.00e+00 0.00e+00 -- 0.00e+00 0.00e+00 0.00e+00 -- 0.00e+00 0.00e+00 0.00e+00 -- 0.00e+00 0.00e+00 0.00e+00
1 1004 194 0.00e+00 0.00e+00 0.00e+00 -- 0.00e+00 0.00e+00 0.00e+00 -- 0.00e+00 0.00e+00 0.00e+00 -- 0.00e+00 0.00e+00 0.00e+00
1 1004 195 0.00e+00 0.00e+00 0.00e+00 -- 0.00e+00 0.00e+00 0.00e+00 -- 0.00e+00 0.00e+00 0.00e+00 -- 0.00e+00 0.00e+00 0.00e+00
1 1004 196 0.00e+00 0.00e+00 0.00e+00 -- 0.00e+00 0.00e+00 0.00e+00 -- 0.00e+00 0.00e+00 0.00e+00 -- 0.00e+00 0.00e+00 0.00e+00
1 1004 197 0.00e+00 0.00e+00 0.00e+00 -- 0.00e+00 0.00e+00 0.00e+00 -- 0.00e+00 0.00e+00 0.00e+00 -- 0.00e+00 0.00e+00 0.00e+00
1 1004 198 0.00e+00 0.00e+00 0.00e+00 -- 0.00e+00 0.00e+00 0.00e+00 -- 0.00e+00 0.00e+00 0.00e+00 -- 0.00e+00 0.00e+00 0.00e+00
1 1004 199 0.00e+00 0.00e+00 0.00e+00 -- 0.00e+00 0.00e+00 0.00e+00 -- 0.00e+00 0.00e+00 0.00e+00 -- 0.00e+00 0.00e+00 0.00e+00
1 1004 200 0.00e+00 0.00e+00 0.00e+00 -- 0.00e+00 0.00e+00 0.00e+00 -- 0.00e+00 0.00e+00 0.00e+00 -- 0.00e+00 0.00e+00 0.00e+00
1 1004 201 0.00e+00 0.00e+00 0.00e+00 -- 0.00e+00 0.00e+00 0.00e+00 -- 0.00e+00 0.00e+00 0.00e+00 -- 0.00e+00 0.00e+00 0.00e+00
1 1004 202 0.00e+00 0.00e+00 0.00e+00 -- 0.00e+00 0.00e+00 0.00e+00 -- 0.00e+00 0.00e+00 0.00e+00 -- 0.00e+00 0.00e+00 0.00e+00
1 1004 203 0.00e+00 0.00e+00 0.00e+00 -- 0.00e+00 0.00e+00 0.00e+00 -- 0.00e+00 0.00e+00 0.00e+00 -- 0.00e+00 0.00e+00 0.00e+00
1 1004 204 0.00e+00 0.00e+00 0.00e+00 -- 0.00e+00 0.00e+00 0.00e+00 -- 0.00e+00 0.00e+00 0.00e+00 -- 0.00e+00 0.00e+00 0.00e+00
1 1004 205 0.00e+00 0.00e+00 0.00e+00 -- 0.00e+00 0.00e+00 0.00e+00 -- 0.00e+00 0.00e+00 0.00e+00 -- 0.00e+00 0.00e+00 0.00e+00
1 1004 206 0.00e+00 0.00e+00 0.00e+00 -- 0.00e+00 0.00e+00 0.00e+00 -- 0.00e+00 0.00e+00 0.00e+00 -- 0.00e+00 0.00e+00 0.00e+00
1 1004 207 0.00e+00 0.00e+00 0.00e+00 -- 0.00e+00 0.00e+00 0.00e+00 -- 0.00e+00 0.00e+00 0.00e+00 -- 0.00e+00 0.00e+00 0.00e+00
1 1004 208 0.00e+00 0.00e+00 0.00e+00 -- 0.00e+00 0.00e+00 0.00e+00 -- 0.00e+00 0.00e+00 0.00e+00 -- 0.00e+00 0.00e+00 0.00e+00
1 1004 209 0.00e+00 0.00e+00 0.00e+00 -- 0.00e+00 0.00e+00 0.00e+00 -- 0.00e+00 0.00e+00 0.00e+00 -- 0.00e+00 0.00e+00 0.00e+00
1 1004 210 0.00e+00 0.00e+00 0.00e+00 -- 0.00e+00 0.00e+00 0.00e+00 -- 0.00e+00 0.00e+00 0.00e+00 -- 0.00e+00 0.00e+00 0.00e+00
1 1004 211 0.00e+00 0.00e+00 0.00e+00 -- 0.00e+00 0.00e+00 0.00e+00 -- 0.00e+00 0.00e+00 0.00e+00 -- 0.00e+00 0.00e+00 0.00e+00
1 1004 212 0.00e+00 0.00e+00 0.00e+00 -- 0.00e+00 0.00e+00 0.00e+00 -- 0.00e+00 0.00e+00 0.00e+00 -- 0.00e+00 0.00e+00 0.00e+00
1 1004 213 0.00e+00 0.00e+00 0.00e+00 -- 0.00e+00 0.00e+00 0.00e+00 -- 0.00e+00 0.00e+00 0.00e+00 -- 0.00e+00 0.00e+00 0.00e+00
1 1004 214 0.00e+00 0.00e+00 0.00e+00 -- 0.00e+00 0.00e+00 0.00e+00 -- 0.00e+00 0.00e+00 0.00e+00 -- 0.00e+00 0.00e+00 0.00e+00
1 1004 215 0.00e+00 0.00e+00 0.00e+00 -- 0.00e+00 0.00e+00 0.00e+00 -- 0.00e+00 0.00e+00 0.00e+00 -- 0.00e+00 0.00e+00 0.00e+00
1 1004 216 0.00e+00 0.00e+00 0.00e+00 -- 0.00e+00 0.00e+00 0.00e+00 -- 0.00e+00 0.00e+00 0.00e+00 -- 0.00e+00 0.00e+00 0.00e+00
1 1004 217 0.00e+00 0.00e+00 0.00e+00 -- 0.00e+00 0.00e+00 0.00e+00 -- 0.00e+00 0.00e+00 0.00e+00 -- 0.00e+00 0.00e+00 0.00e+00
1 1004 218 0.00e+00 0.00e+00 0.00e+00 -- 0.00e+00 0.00e+00 0.00e+00 -- 0.00e+00 0.00e+00 0.00e+00 -- 0.00e+00 0.00e+00 0.00e+00
1 1004 219 0.00e+00 0.00e+00 0.00e+00 -- 0.00e+00 0.00e+00 0.00e+00 -- 0.00e+00 0.00e+00 0.00e+00 -- 0.00e+00 0.00e+00 0.00e+00
1 1004 220 0.00e+00 0.00e+00 0.00e+00 -- 0.00e+00 0.00e+00 0.00e+00 -- 0.00e+00 0.00e+00 0.00e+00 -- 0.00e+00 0.00e+00 0.00e+00
1 1004 221 0.00e+00 0.00e+00 0.00e+00 -- 0.00e+00 0.00e+00 0.00e+00 -- 0.00e+00 0.00e+00 0.00e+00 -- 0.00e+00 0.00e+00 0.00e+00
1 1004 222 0.00e+00 0.00e+00 0.00e+00 -- 0.00e+00 0.00e+00 0.00e+00 -- 0.00e+00 0.00e+00 0.00e+00 -- 0.00e+00 0.00e+00 0.00e+00
1 1004 223 0.00e+00 0.00e+00 0.00e+00 -- 0.00e+00 0.00e+00 0.00e+00 -- 0.00e+00 0.00e+00 0.00e+00 -- 0.00e+00 0.00e+00 0.00e+00
1 1004 224 0.00e+00 0.00e+00 0.00e+00 -- 0.00e+00 0.00e+00 0.00e+00 -- 0.00e+00 0.00e+00 0.00e+00 -- 0.00e+00 0.00e+00 0.00e+00
1 1004 225 0.00e+00 0.00e+00 0.00e+00 -- 0.00e+00 0.00e+00 0.00e+00 -- 0.00e+00 0.00e+00 0.00e+00 -- 0.00e+00 0.00e+00 0.00e+00
1 1004 226 0.00e+00 0.00e+00 0.00e+00 -- 0.00e+00 0.00e+00 0.00e+00 -- 0.00e+00 0.00e+00 0.00e+00 -- 0.00e+00 0.00e+00 0.00e+00
1 1004 227 0.00e+00 0.00e+00 0.00e+00 -- 0.00e+00 0.00e+00 0.00e+00 -- 0.00e+00 0.00e+00 0.00e+00 -- 0.00e+00 0.00e+00 0.00e+00
1 1004 228 0.00e+00 0.00e+00 0.00e+00 -- 0.00e+00 0.00e+00 0.00e+00 -- 0.00e+00 0.00e+00 0.00e+00 -- 0.00e+00 0.00e+00 0.00e+00
1 1004 229 0.00e+00 0.00e+00 0.00e+00 -- 0.00e+00 0.00e+00 0.00e+00 -- 0.00e+00 0.00e+00 0.00e+00 -- 0.00e+00 0.00e+00 0.00e+00
1 1004 230 0.00e+00 0.00e+00 0.00e+00 -- 0.00e+00 0.00e+00 0.00e+00 -- 0.00e+00 0.00e+00 0.00e+00 -- 0.00e+00 0.00e+00 0.00e+00
1 1004 231 0.00e+00 0.00e+00 0.00e+00 -- 0.00e+00 0.00e+00 0.00e+00 -- 0.00e+00 0.00e+00 0.00e+00 -- 0.00e+00 0.00e+00 0.00e+00
1 1004 232 0.00e+00 0.00e+00 0.00e+00 -- 0.00e+00 0.00e+00 0.00e+00 -- 0.00e+00 0.00e+00 0.00e+00 -- 0.00e+00 0.00e+00 0.00e+00
1 1004 233 0.00e+00 0.00e+00 0.00e+00 -- 0.00e+00 0.00e+00 0.00e+00 -- 0.00e+00 0.00e+00 0.00e+00 -- 0.00e+00 0.00e+00 0.00e+00
1 1004 234 0.00e+00 0.00e+00 0.00e+00 -- 0.00e+00 0.00e+00 0.00e+00 -- 0.00e+00 0.00e+00 0.00e+00 -- 0.00e+00 0.00e+00 0.00e+00
1 1004 235 0.00e+00 0.00e+00 0.00e+00 -- 0.00e+00 0.00e+00 0.00e+00 -- 0.00e+00 0.00e+00 0.00e+00 -- 0.00e+00 0.00e+00 0.00e+00
1 1004 236 0.00e+00 0.00e+00 0.00e+00 -- 0.00e+00 0.00e+00 0.00e+00 -- 0.00e+00 0.00e+00 0.00e+00 -- 0.00e+00 0.00e+00 0.00e+00
1 1004 237 0.00e+00 0.00e+00 0.00e+00 -- 0.00e+00 0.00e+00 0.00e+00 -- 0.00e+00 0.00e+00 0.00e+00 -- 0.00e+00 0.00e+00 0.00e+00
1 1004 238 0.00e+00 0.00e+00 0.00e+00 -- 0.00e+00 0.00e+00 0.00e+00 -- 0.00e+00 0.00e+00 0.00e+00 -- 0.00e+00 0.00e+00 0.00e+00
1 1004 239 0.00e+00 0.00e+00 0.00e+00 -- 0.00e+00 0.00e+00 0.00e+00 -- 0.00e+00 0.00e+00 0.00e+00 -- 0.00e+00 0.00e+00 0.00e+00
1 1004 240 0.00e+00 0.00e+00 0.00e+00 -- 0.00e+00 0.00e+00 0.00e+00 -- 0.00e+00 0.00e+00 0.00e+00 -- 0.00e+00 0.00e+00 0.00e+00
1 1004 241 0.00e+00 0.00e+00 0.00e+00 -- 0.00e+00 0.00e+00 0.00e+00 -- 0.00e+00 0.00e+00 0.00e+00 -- 0.00e+00 0.00e+00 0.00e+00
1 1004 242 0.00e+00 0.00e+00 0.00e+00 -- 0.00e+00 0.00e+00 0.00e+00 -- 0.00e+00 0.00e+00 0.00e+00 -- 0.00e+00 0.00e+00 0.00e+00
1 1004 243 0.00e+00 0.00e+00 0.00e+00 -- 0.00e+00 0.00e+00 0.00e+00 -- 0.00e+00 0.00e+00 0.00e+00 -- 0.00e+00 0.00e+00 0.00e+00
1 1004 244 0.00e+00 0.00e+00 0.00e+00 -- 0.00e+00 0.00e+00 0.00e+00 -- 0.00e+00 0.00e+00 0.00e+00 -- 0.00e+00 0.00e+00 0.00e+00
1 1004 245 0.00e+00 0.00e+00 0.00e+00 -- 0.00e+00 0.00e+00 0.00e+00 -- 0.00e+00 0.00e+00 0.00e+00 -- 0.00e+00 0.00e+00 0.00e+00
1 1004 246 0.00e+00 0.00e+00 0.00e+00 -- 0.00e+00 0.00e+00 0.00e+00 -- 0.00e+00 0.00e+00 0.00e+00 -- 0.00e+00 0.00e+00 0.00e+00
1 1004 247 0.00e+00 0.00e+00 0.00e+00 -- 0.00e+00 0.00e+00 0.00e+00 -- 0.00e+00 0.00e+00 0.00e+00 -- 0.00e+00 0.00e+00 0.00e+00
1 1004 248 0.00e+00 0.00e+00 0.00e+00 -- 0.00e+00 0.00e+00 0.00e+00 -- 0.00e+00 0.00e+00 0.00e+00 -- 0.00e+00 0.00e+00 0.00e+00
1 1004 249 0.00e+00 0.00e+00 0.00e+00 -- 0.00e+00 0.00e+00 0.00e+00 -- 0.00e+00 0.00e+00 0.00e+00 -- 0.00e+00 0.00e+00 0.00e+00
1 1004 250 0.00e+00 0.00e+00 0.00e+00 -- 0.00e+00 0.00e+00 0.00e+00 -- 0.00e+00 0.00e+00 0.00e+00 -- 0.00e+00 0.00e+00 0.00e+00
1 1004 251 0.00e+00 0.00e+00 0.00e+00 -- 0.00e+00 0.00e+00 0.00e+00 -- 0.00e+00 0.00e+00 0.00e+00 -- 0.00e+00 0.00e+00 0.00e+00
1 1004 252 0.00e+00 0.00e+00 0.00e+00 -- 0.00e+00 0.00e+00 0.00e+00 -- 0.00e+00 0.00e+00 0.00e+00 -- 0.00e+00 0.00e+00 0.00e+00
1 1004 253 0.00e+00 0.00e+00 0.00e+00 -- 0.00e+00 0.00e+00 0.00e+00 -- 0.00e+00 0.00e+00 0.00e+00 -- 0.00e+00 0.00e+00 0.00e+00
1 1004 254 0.00e+00 0.00e+00 0.00e+00 -- 0.00e+00 0.00e+00 0.00e+00 -- 0.00e+00 0.00e+00 0.00e+00 -- 0.00e+00 0.00e+00 0.00e+00
1 1004 255 0.00e+00 0.00e+00 0.00e+00 -- 0.00e+00 0.00e+00 0.00e+00 -- 0.00e+00 0.00e+00 0.00e+00 -- 0.00e+00 0.00e+00 0.00e+00
1 1004 256 0.00e+00 0.00e+00 0.00e+00 -- 0.00e+00 0.00e+00 0.00e+00 -- 0.00e+00 0.00e+00 0.00e+00 -- 0.00e+00 0.00e+00 0.00e+00
1 1004 257 0.00e+00 0.00e+00 0.00e+00 -- 0.00e+00 0.00e+00 0.00e+00 -- 0.00e+00 0.00e+00 0.00e+00 -- 0.00e+00 0.00e+00 0.00e+00
1 1004 258 0.00e+00 0.00e+00 0.00e+00 -- 0.00e+00 0.00e+00 0.00e+00 -- 0.00e+00 0.00e+00 0.00e+00 -- 0.00e+00 0.00e+00 0.00e+00
1 1004 259 0.00e+00 0.00e+00 0.00e+00 -- 0.00e+00 0.00e+00 0.00e+00 -- 0.00e+00 0.00e+00 0.00e+00 -- 0.00e+00 0.00e+00 0.00e+00
1 1004 260 0.00e+00 0.00e+00 0.00e+00 -- 0.00e+00 0.00e+00 0.00e+00 -- 0.00e+00 0.00e+00 0.00e+00 -- 0.00e+00 0.00e+00 0.00e+00
1 1004 261 0.00e+00 0.00e+00 0.00e+00 -- 0.00e+00 0.00e+00 0.00e+00 -- 0.00e+00 0.00e+00 0.00e+00 -- 0.00e+00 0.00e+00 0.00e+00
1 1004 262 0.00e+00 0.00e+00 0.00e+00 -- 0.00e+00 0.00e+00 0.00e+00 -- 0.00e+00 0.00e+00 0.00e+00 -- 0.00e+00 0.00e+00 0.00e+00
1 1004 263 0.00e+00 0.00e+00 0.00e+00 -- 0.00e+00 0.00e+00 0.00e+00 -- 0.00e+00 0.00e+00 0.00e+00 -- 0.00e+00 0.00e+00 0.00e+00
1 1004 264 0.00e+00 0.00e+00 0.00e+00 -- 0.00e+00 0.00e+00 0.00e+00 -- 0.00e+00 0.00e+00 0.00e+00 -- 0.00e+00 0.00e+00 0.00e+00
1 1004 265 0.00e+00 0.00e+00 0.00e+00 -- 0.00e+00 0.00e+00 0.00e+00 -- 0.00e+00 0.00e+00 0.00e+00 -- 0.00e+00 0.00e+00 0.00e+00
1 1004 266 0.00e+00 0.00e+00 0.00e+00 -- 0.00e+00 0.00e+00 0.00e+00 -- 0.00e+00 0.00e+00 0.00e+00 -- 0.00e+00 0.00e+00 0.00e+00
1 1004 267 0.00e+00 0.00e+00 0.00e+00 -- 0.00e+00 0.00e+00 0.00e+00 -- 0.00e+00 0.00e+00 0.00e+00 -- 0.00e+00 0.00e+00 0.00e+00
1 1004 268 0.00e+00 0.00e+00 0.00e+00 -- 0.00e+00 0.00e+00 0.00e+00 -- 0.00e+00 0.00e+00 0.00e+00 -- 0.00e+00 0.00e+00 0.00e+00
1 1004 269 0.00e+00 0.00e+00 0.00e+00 -- 0.00e+00 0.00e+00 0.00e+00 -- 0.00e+00 0.00e+00 0.00e+00 -- 0.00e+00 0.00e+00 0.00e+00
1 1004 270 0.00e+00 0.00e+00 0.00e+00 -- 0.00e+00 0.00e+00 0.00e+00 -- 0.00e+00 0.00e+00 0.00e+00 -- 0.00e+00 0.00e+00 0.00e+00
1 1004 271 0.00e+00 0.00e+00 0.00e+00 -- 0.00e+00 0.00e+00 0.00e+00 -- 0.00e+00 0.00e+00 0.00e+00 -- 0.00e+00 0.00e+00 0.00e+00
1 1004 272 0.00e+00 0.00e+00 0.00e+00 -- 0.00e+00 0.00e+00 0.00e+00 -- 0.00e+00 0.00e+00 0.00e+00 -- 0.00e+00 0.00e+00 0.00e+00
1 1004 273 0.00e+00 0.00e+00 0.00e+00 -- 0.00e+00 0.00e+00 0.00e+00 -- 0.00e+00 0.00e+00 0.00e+00 -- 0.00e+00 0.00e+00 0.00e+00
1 1004 274 0.00e+00 0.00e+00 0.00e+00 -- 0.00e+00 0.00e+00 0.00e+00 -- 0.00e+00 0.00e+00 0.00e+00 -- 0.00e+00 0.00e+00 0.00e+00
1 1004 275 0.00e+00 0.00e+00 0.00e+00 -- 0.00e+00 0.00e+00 0.00e+00 -- 0.00e+00 0.00e+00 0.00e+00 -- 0.00e+00 0.00e+00 0.00e+00
1 1004 276 0.00e+00 0.00e+00 0.00e+00 -- 0.00e+00 0.00e+00 0.00e+00 -- 0.00e+00 0.00e+00 0.00e+00 -- 0.00e+00 0.00e+00 0.00e+00
1 1004 277 0.00e+00 0.00e+00 0.00e+00 -- 0.00e+00 0.00e+00 0.00e+00 -- 0.00e+00 0.00e+00 0.00e+00 -- 0.00e+00 0.00e+00 0.00e+00
1 1004 278 0.00e+00 0.00e+00 0.00e+00 -- 0.00e+00 0.00e+00 0.00e+00 -- 0.00e+00 0.00e+00 0.00e+00 -- 0.00e+00 0.00e+00 0.00e+00
1 1004 279 0.00e+00 0.00e+00 0.00e+00 -- 0.00e+00 0.00e+00 0.00e+00 -- 0.00e+00 0.00e+00 0.00e+00 -- 0.00e+00 0.00e+00 0.00e+00
1 1004 280 0.00e+00 0.00e+00 0.00e+00 -- 0.00e+00 0.00e+00 0.00e+00 -- 0.00e+00 0.00e+00 0.00e+00 -- 0.00e+00 0.00e+00 0.00e+00
1 1004 281 0.00e+00 0.00e+00 0.00e+00 -- 0.00e+00 0.00e+00 0.00e+00 -- 0.00e+00 0.00e+00 0.00e+00 -- 0.00e+00 0.00e+00 0.00e+00
1 1004 282 0.00e+00 0.00e+00 0.00e+00 -- 0.00e+00 0.00e+00 0.00e+00 -- 0.00e+00 0.00e+00 0.00e+00 -- 0.00e+00 0.00e+00 0.00e+00
1 1004 283 0.00e+00 0.00e+00 0.00e+00 -- 0.00e+00 0.00e+00 0.00e+00 -- 0.00e+00 0.00e+00 0.00e+00 -- 0.00e+00 0.00e+00 0.00e+00
1 1004 284 0.00e+00 0.00e+00 0.00e+00 -- 0.00e+00 0.00e+00 0.00e+00 -- 0.00e+00 0.00e+00 0.00e+00 -- 0.00e+00 0.00e+00 0.00e+00
1 1004 285 0.00e+00 0.00e+00 0.00e+00 -- 0.00e+00 0.00e+00 0.00e+00 -- 0.00e+00 0.00e+00 0.00e+00 -- 0.00e+00 0.00e+00 0.00e+00
1 1004 286 0.00e+00 0.00e+00 0.00e+00 -- 0.00e+00 0.00e+00 0.00e+00 -- 0.00e+00 0.00e+00 0.00e+00 -- 0.00e+00 0.00e+00 0.00e+00
1 1004 287 0.00e+00 0.00e+00 0.00e+00 -- 0.00e+00 0.00e+00 0.00e+00 -- 0.00e+00 0.00e+00 0.00e+00 -- 0.00e+00 0.00e+00 0.00e+00
1 1004 288 0.00e+00 0.00e+00 0.00e+00 -- 0.00e+00 0.00e+00 0.00e+00 -- 0.00e+00 0.00e+00 0.00e+00 -- 0.00e+00 0.00e+00 0.00e+00
1 1004 289 0.00e+00 0.00e+00 0.00e+00 -- 0.00e+00 0.00e+00 0.00e+00 -- 0.00e+00 0.00e+00 0.00e+00 -- 0.00e+00 0.00e+00 0.00e+00
1 1004 290 0.00e+00 0.00e+00 0.00e+00 -- 0.00e+00 0.00e+00 0.00e+00 -- 0.00e+00 0.00e+00 0.00e+00 -- 0.00e+00 0.00e+00 0.00e+00
1 1004 291 0.00e+00 0.00e+00 0.00e+00 -- 0.00e+00 0.00e+00 0.00e+00 -- 0.00e+00 0.00e+00 0.00e+00 -- 0.00e+00 0.00e+00 0.00e+00
1 1004 292 0.00e+00 0.00e+00 0.00e+00 -- 0.00e+00 0.00e+00 0.00e+00 -- 0.00e+00 0.00e+00 0.00e+00 -- 0.00e+00 0.00e+00 0.00e+00
1 1004 293 0.00e+00 0.00e+00 0.00e+00 -- 0.00e+00 0.00e+00 0.00e+00 -- 0.00e+00 0.00e+00 0.00e+00 -- 0.00e+00 0.00e+00 0.00e+00
1 1004 294 0.00e+00 0.00e+00 0.00e+00 -- 0.00e+00 0.00e+00 0.00e+00 -- 0.00e+00 0.00e+00 0.00e+00 -- 0.00e+00 0.00e+00 0.00e+00
1 1004 295 0.00e+00 0.00e+00 0.00e+00 -- 0.00e+00 0.00e+00 0.00e+00 -- 0.00e+00 0.00e+00 0.00e+00 -- 0.00e+00 0.00e+00 0.00e+00
1 1004 296 0.00e+00 0.00e+00 0.00e+00 -- 0.00e+00 0.00e+00 0.00e+00 -- 0.00e+00 0.00e+00 0.00e+00 -- 0.00e+00 0.00e+00 0.00e+00
1 1004 297 0.00e+00 0.00e+00 0.00e+00 -- 0.00e+00 0.00e+00 0.00e+00 -- 0.00e+00 0.00e+00 0.00e+00 -- 0.00e+00 0.00e+00 0.00e+00
1 1004 298 0.00e+00 0.00e+00 0.00e+00 -- 0.00e+00 0.00e+00 0.00e+00 -- 0.00e+00 0.00e+00 0.00e+00 -- 0.00e+00 0.00e+00 0.00e+00
1 1004 299 0.00e+00 0.00e+00 0.00e+00 -- 0.00e+00 0.00e+00 0.00e+00 -- 0.00e+00 0.00e+00 0.00e+00 -- 0.00e+00 0.00e+00 0.00e+00
1 1004 300 0.00e+00 0.00e+00 0.00e+00 -- 0.00e+00 0.00e+00 0.00e+00 -- 0.00e+00 0.00e+00 0.00e+00 -- 0.00e+00 0.00e+00 0.00e+00
1 1004 301 0.00e+00 0.00e+00 0.00e+00 -- 0.00e+00 0.00e+00 0.00e+00 -- 0.00e+00 0.00e+00 0.00e+00 -- 0.00e+00 0.00e+00 0.00e+00
1 1004 302 0.00e+00 0.00e+00 0.00e+00 -- 0.00e+00 0.00e+00 0.00e+00 -- 0.00e+00 0.00e+00 0.00e+00 -- 0.00e+00 0.00e+00 0.00e+00
1 1004 303 0.00e+00 0.00e+00 0.00e+00 -- 0.00e+00 0.00e+00 0.00e+00 -- 0.00e+00 0.00e+00 0.00e+00 -- 0.00e+00 0.00e+00 0.00e+00
1 1004 304 0.00e+00 0.00e+00 0.00e+00 -- 0.00e+00 0.00e+00 0.00e+00 -- 0.00e+00 0.00e+00 0.00e+00 -- 0.00e+00 0.00e+00 0.00e+00
1 1004 305 0.00e+00 0.00e+00 0.00e+00 -- 0.00e+00 0.00e+00 0.00e+00 -- 0.00e+00 0.00e+00 0.00e+00 -- 0.00e+00 0.00e+00 0.00e+00
1 1004 306 0.00e+00 0.00e+00 0.00e+00 -- 0.00e+00 0.00e+00 0.00e+00 -- 0.00e+00 0.00e+00 0.00e+00 -- 0.00e+00 0.00e+00 0.00e+00
1 1004 307 0.00e+00 0.00e+00 0.00e+00 -- 0.00e+00 0.00e+00 0.00e+00 -- 0.00e+00 0.00e+00 0.00e+00 -- 0.00e+00 0.00e+00 0.00e+00
1 1004 308 0.00e+00 0.00e+00 0.00e+00 -- 0.00e+00 0.00e+00 0.00e+00 -- 0.00e+00 0.00e+00 0.00e+00 -- 0.00e+00 0.00e+00 0.00e+00
1 1004 309 0.00e+00 0.00e+00 0.00e+00 -- 0.00e+00 0.00e+00 0.00e+00 -- 0.00e+00 0.00e+00 0.00e+00 -- 0.00e+00 0.00e+00 0.00e+00
1 1004 310 0.00e+00 0.00e+00 0.00e+00 -- 0.00e+00 0.00e+00 0.00e+00 -- 0.00e+00 0.00e+00 0.00e+00 -- 0.00e+00 0.00e+00 0.00e+00
1 1004 311 0.00e+00 0.00e+00 0.00e+00 -- 0.00e+00 0.00e+00 0.00e+00 -- 0.00e+00 0.00e+00 0.00e+00 -- 0.00e+00 0.00e+00 0.00e+00
1 1004 312 0.00e+00 0.00e+00 0.00e+00 -- 0.00e+00 0.00e+00 0.00e+00 -- 0.00e+00 0.00e+00 0.00e+00 -- 0.00e+00 0.00e+00 0.00e+00
1 1004 313 0.00e+00 0.00e+00 0.00e+00 -- 0.00e+00 0.00e+00 0.00e+00 -- 0.00e+00 0.00e+00 0.00e+00 -- 0.00e+00 0.00e+00 0.00e+00
1 1004 314 0.00e+00 0.00e+00 0.00e+00 -- 0.00e+00 0.00e+00 0.00e+00 -- 0.00e+00 0.00e+00 0.00e+00 -- 0.00e+00 0.00e+00 0.00e+00
1 1004 315 0.00e+00 0.00e+00 0.00e+00 -- 0.00e+00 0.00e+00 0.00e+00 -- 0.00e+00 0.00e+00 0.00e+00 -- 0.00e+00 0.00e+00 0.00e+00
1 1004 316 0.00e+00 0.00e+00 0.00e+00 -- 0.00e+00 0.00e+00 0.00e+00 -- 0.00e+00 0.00e+00 0.00e+00 -- 0.00e+00 0.00e+00 0.00e+00
1 1004 317 0.00e+00 0.00e+00 0.00e+00 -- 0.00e+00 0.00e+00 0.00e+00 -- 0.00e+00 0.00e+00 0.00e+00 -- 0.00e+00 0.00e+00 0.00e+00
1 1004 318 0.00e+00 0.00e+00 0.00e+00 -- 0.00e+00 0.00e+00 0.00e+00 -- 0.00e+00 0.00e+00 0.00e+00 -- 0.00e+00 0.00e+00 0.00e+00
1 1004 319 0.00e+00 0.00e+00 0.00e+00 -- 0.00e+00 0.00e+00 0.00e+00 -- 0.00e+00 0.00e+00 0.00e+00 -- 0.00e+00 0.00e+00 0.00e+00
1 1004 320 0.00e+00 0.00e+00 0.00e+00 -- 0.00e+00 0.00e+00 0.00e+00 -- 0.00e+00 0.00e+00 0.00e+00 -- 0.00e+00 0.00e+00 0.00e+00
1 1004 321 0.00e+00 0.00e+00 0.00e+00 -- 0.00e+00 0.00e+00 0.00e+00 -- 0.00e+00 0.00e+00 0.00e+00 -- 0.00e+00 0.00e+00 0.00e+00
1 1004 322 0.00e+00 0.00e+00 0.00e+00 -- 0.00e+00 0.00e+00 0.00e+00 -- 0.00e+00 0.00e+00 0.00e+00 -- 0.00e+00 0.00e+00 0.00e+00
1 1004 323 0.00e+00 0.00e+00 0.00e+00 -- 0.00e+00 0.00e+00 0.00e+00 -- 0.00e+00 0.00e+00 0.00e+00 -- 0.00e+00 0.00e+00 0.00e+00
1 1004 324 0.00e+00 0.00e+00 0.00e+00 -- 0.00e+00 0.00e+00 0.00e+00 -- 0.00e+00 0.00e+00 0.00e+00 -- 0.00e+00 0.00e+00 0.00e+00
1 1004 325 0.00e+00 0.00e+00 0.00e+00 -- 0.00e+00 0.00e+00 0.00e+00 -- 0.00e+00 0.00e+00 0.00e+00 -- 0.00e+00 0.00e+00 0.00e+00
1 1004 326 0.00e+00 0.00e+00 0.00e+00 -- 0.00e+00 0.00e+00 0.00e+00 -- 0.00e+00 0.00e+00 0.00e+00 -- 0.00e+00 0.00e+00 0.00e+00
1 1004 327 0.00e+00 0.00e+00 0.00e+00 -- 0.00e+00 0.00e+00 0.00e+00 -- 0.00e+00 0.00e+00 0.00e+00 -- 0.00e+00 0.00e+00 0.00e+00
1 1004 328 0.00e+00 0.00e+00 0.00e+00 -- 0.00e+00 0.00e+00 0.00e+00 -- 0.00e+00 0.00e+00 0.00e+00 -- 0.00e+00 0.00e+00 0.00e+00
1 1004 329 0.00e+00 0.00e+00 0.00e+00 -- 0.00e+00 0.00e+00 0.00e+00 -- 0.00e+00 0.00e+00 0.00e+00 -- 0.00e+00 0.00e+00 0.00e+00
1 1004 330 0.00e+00 0.00e+00 0.00e+00 -- 0.00e+00 0.00e+00 0.00e+00 -- 0.00e+00 0.00e+00 0.00e+00 -- 0.00e+00 0.00e+00 0.00e+00
1 1004 331 0.00e+00 0.00e+00 0.00e+00 -- 0.00e+00 0.00e+00 0.00e+00 -- 0.00e+00 0.00e+00 0.00e+00 -- 0.00e+00 0.00e+00 0.00e+00
1 1004 332 0.00e+00 0.00e+00 0.00e+00 -- 0.00e+00 0.00e+00 0.00e+00 -- 0.00e+00 0.00e+00 0.00e+00 -- 0.00e+00 0.00e+00 0.00e+00
1 1004 333 0.00e+00 0.00e+00 0.00e+00 -- 0.00e+00 0.00e+00 0.00e+00 -- 0.00e+00 0.00e+00 0.00e+00 -- 0.00e+00 0.00e+00 0.00e+00
1 1004 334 0.00e+00 0.00e+00 0.00e+00 -- 0.00e+00 0.00e+00 0.00e+00 -- 0.00e+00 0.00e+00 0.00e+00 -- 0.00e+00 0.00e+00 0.00e+00
1 1004 335 0.00e+00 0.00e+00 0.00e+00 -- 0.00e+00 0.00e+00 0.00e+00 -- 0.00e+00 0.00e+00 0.00e+00 -- 0.00e+00 0.00e+00 0.00e+00
1 1004 336 0.00e+00 0.00e+00 0.00e+00 -- 0.00e+00 0.00e+00 0.00e+00 -- 0.00e+00 0.00e+00 0.00e+00 -- 0.00e+00 0.00e+00 0.00e+00
1 1004 337 0.00e+00 0.00e+00 0.00e+00 -- 0.00e+00 0.00e+00 0.00e+00 -- 0.00e+00 0.00e+00 0.00e+00 -- 0.00e+00 0.00e+00 0.00e+00
1 1004 338 0.00e+00 0.00e+00 0.00e+00 -- 0.00e+00 0.00e+00 0.00e+00 -- 0.00e+00 0.00e+00 0.00e+00 -- 0.00e+00 0.00e+00 0.00e+00
1 1004 339 0.00e+00 0.00e+00 0.00e+00 -- 0.00e+00 0.00e+00 0.00e+00 -- 0.00e+00 0.00e+00 0.00e+00 -- 0.00e+00 0.00e+00 0.00e+00
1 1004 340 0.00e+00 0.00e+00 0.00e+00 -- 0.00e+00 0.00e+00 0.00e+00 -- 0.00e+00 0.00e+00 0.00e+00 -- 0.00e+00 0.00e+00 0.00e+00
1 1004 341 0.00e+00 0.00e+00 0.00e+00 -- 0.00e+00 0.00e+00 0.00e+00 -- 0.00e+00 0.00e+00 0.00e+00 -- 0.00e+00 0.00e+00 0.00e+00
1 1004 342 0.00e+00 0.00e+00 0.00e+00 -- 0.00e+00 0.00e+00 0.00e+00 -- 0.00e+00 0.00e+00 0.00e+00 -- 0.00e+00 0.00e+00 0.00e+00
1 1004 343 0.00e+00 0.00e+00 0.00e+00 -- 0.00e+00 0.00e+00 0.00e+00 -- 0.00e+00 0.00e+00 0.00e+00 -- 0.00e+00 0.00e+00 0.00e+00
1 1004 344 0.00e+00 0.00e+00 0.00e+00 -- 0.00e+00 0.00e+00 0.00e+00 -- 0.00e+00 0.00e+00 0.00e+00 -- 0.00e+00 0.00e+00 0.00e+00
1 1004 345 0.00e+00 0.00e+00 0.00e+00 -- 0.00e+00 0.00e+00 0.00e+00 -- 0.00e+00 0.00e+00 0.00e+00 -- 0.00e+00 0.00e+00 0.00e+00
1 1004 346 0.00e+00 0.00e+00 0.00e+00 -- 0.00e+00 0.00e+00 0.00e+00 -- 0.00e+00 0.00e+00 0.00e+00 -- 0.00e+00 0.00e+00 0.00e+00
1 1004 347 0.00e+00 0.00e+00 0.00e+00 -- 0.00e+00 0.00e+00 0.00e+00 -- 0.00e+00 0.00e+00 0.00e+00 -- 0.00e+00 0.00e+00 0.00e+00
1 1004 348 0.00e+00 0.00e+00 0.00e+00 -- 0.00e+00 0.00e+00 0.00e+00 -- 0.00e+00 0.00e+00 0.00e+00 -- 0.00e+00 0.00e+00 0.00e+00
1 1004 349 0.00e+00 0.00e+00 0.00e+00 -- 0.00e+00 0.00e+00 0.00e+00 -- 0.00e+00 0.00e+00 0.00e+00 -- 0.00e+00 0.00e+00 0.00e+00
1 1004 350 0.00e+00 0.00e+00 0.00e+00 -- 0.00e+00 0.00e+00 0.00e+00 -- 0.00e+00 0.00e+00 0.00e+00 -- 0.00e+00 0.00e+00 0.00e+00
1 1004 351 0.00e+00 0.00e+00 0.00e+00 -- 0.00e+00 0.00e+00 0.00e+00 -- 0.00e+00 0.00e+00 0.00e+00 -- 0.00e+00 0.00e+00 0.00e+00
1 1004 352 0.00e+00 0.00e+00 0.00e+00 -- 0.00e+00 0.00e+00 0.00e+00 -- 0.00e+00 0.00e+00 0.00e+00 -- 0.00e+00 0.00e+00 0.00e+00
1 1004 353 0.00e+00 0.00e+00 0.00e+00 -- 0.00e+00 0.00e+00 0.00e+00 -- 0.00e+00 0.00e+00 0.00e+00 -- 0.00e+00 0.00e+00 0.00e+00
1 1004 354 0.00e+00 0.00e+00 0.00e+00 -- 0.00e+00 0.00e+00 0.00e+00 -- 0.00e+00 0.00e+00 0.00e+00 -- 0.00e+00 0.00e+00 0.00e+00
1 1004 355 0.00e+00 0.00e+00 0.00e+00 -- 0.00e+00 0.00e+00 0.00e+00 -- 0.00e+00 0.00e+00 0.00e+00 -- 0.00e+00 0.00e+00 0.00e+00
1 1004 356 0.00e+00 0.00e+00 0.00e+00 -- 0.00e+00 0.00e+00 0.00e+00 -- 0.00e+00 0.00e+00 0.00e+00 -- 0.00e+00 0.00e+00 0.00e+00
1 1004 357 0.00e+00 0.00e+00 0.00e+00 -- 0.00e+00 0.00e+00 0.00e+00 -- 0.00e+00 0.00e+00 0.00e+00 -- 0.00e+00 0.00e+00 0.00e+00
1 1004 358 0.00e+00 0.00e+00 0.00e+00 -- 0.00e+00 0.00e+00 0.00e+00 -- 0.00e+00 0.00e+00 0.00e+00 -- 0.00e+00 0.00e+00 0.00e+00
1 1004 359 0.00e+00 0.00e+00 0.00e+00 -- 0.00e+00 0.00e+00 0.00e+00 -- 0.00e+00 0.00e+00 0.00e+00 -- 0.00e+00 0.00e+00 0.00e+00
1 1004 360 0.00e+00 0.00e+00 0.00e+00 -- 0.00e+00 0.00e+00 0.00e+00 -- 0.00e+00 0.00e+00 0.00e+00 -- 0.00e+00 0.00e+00 0.00e+00
1 1004 361 0.00e+00 0.00e+00 0.00e+00 -- 0.00e+00 0.00e+00 0.00e+00 -- 0.00e+00 0.00e+00 0.00e+00 -- 0.00e+00 0.00e+00 0.00e+00
1 1004 362 0.00e+00 0.00e+00 0.00e+00 -- 0.00e+00 0.00e+00 0.00e+00 -- 0.00e+00 0.00e+00 0.00e+00 -- 0.00e+00 0.00e+00 0.00e+00
1 1004 363 0.00e+00 0.00e+00 0.00e+00 -- 0.00e+00 0.00e+00 0.00e+00 -- 0.00e+00 0.00e+00 0.00e+00 -- 0.00e+00 0.00e+00 0.00e+00
1 1004 364 0.00e+00 0.00e+00 0.00e+00 -- 0.00e+00 0.00e+00 0.00e+00 -- 0.00e+00 0.00e+00 0.00e+00 -- 0.00e+00 0.00e+00 0.00e+00
1 1004 365 0.00e+00 0.00e+00 0.00e+00 -- 0.00e+00 0.00e+00 0.00e+00 -- 0.00e+00 0.00e+00 0.00e+00 -- 0.00e+00 0.00e+00 0.00e+00
1 1004 366 0.00e+00 0.00e+00 0.00e+00 -- 0.00e+00 0.00e+00 0.00e+00 -- 0.00e+00 0.00e+00 0.00e+00 -- 0.00e+00 0.00e+00 0.00e+00
1 1004 367 0.00e+00 0.00e+00 0.00e+00 -- 0.00e+00 0.00e+00 0.00e+00 -- 0.00e+00 0.00e+00 0.00e+00 -- 0.00e+00 0.00e+00 0.00e+00
1 1004 368 0.00e+00 0.00e+00 0.00e+00 -- 0.00e+00 0.00e+00 0.00e+00 -- 0.00e+00 0.00e+00 0.00e+00 -- 0.00e+00 0.00e+00 0.00e+00
1 1004 369 0.00e+00 0.00e+00 0.00e+00 -- 0.00e+00 0.00e+00 0.00e+00 -- 0.00e+00 0.00e+00 0.00e+00 -- 0.00e+00 0.00e+00 0.00e+00
1 1004 370 0.00e+00 0.00e+00 0.00e+00 -- 0.00e+00 0.00e+00 0.00e+00 -- 0.00e+00 0.00e+00 0.00e+00 -- 0.00e+00 0.00e+00 0.00e+00
1 1004 371 0.00e+00 0.00e+00 0.00e+00 -- 0.00e+00 0.00e+00 0.00e+00 -- 0.00e+00 0.00e+00 0.00e+00 -- 0.00e+00 0.00e+00 0.00e+00
1 1004 372 0.00e+00 0.00e+00 0.00e+00 -- 0.00e+00 0.00e+00 0.00e+00 -- 0.00e+00 0.00e+00 0.00e+00 -- 0.00e+00 0.00e+00 0.00e+00
1 1004 373 0.00e+00 0.00e+00 0.00e+00 -- 0.00e+00 0.00e+00 0.00e+00 -- 0.00e+00 0.00e+00 0.00e+00 -- 0.00e+00 0.00e+00 0.00e+00
1 1004 374 0.00e+00 0.00e+00 0.00e+00 -- 0.00e+00 0.00e+00 0.00e+00 -- 0.00e+00 0.00e+00 0.00e+00 -- 0.00e+00 0.00e+00 0.00e+00
1 1004 375 0.00e+00 0.00e+00 0.00e+00 -- 0.00e+00 0.00e+00 0.00e+00 -- 0.00e+00 0.00e+00 0.00e+00 -- 0.00e+00 0.00e+00 0.00e+00
1 1004 376 0.00e+00 0.00e+00 0.00e+00 -- 0.00e+00 0.00e+00 0.00e+00 -- 0.00e+00 0.00e+00 0.00e+00 -- 0.00e+00 0.00e+00 0.00e+00
1 1004 377 0.00e+00 0.00e+00 0.00e+00 -- 0.00e+00 0.00e+00 0.00e+00 -- 0.00e+00 0.00e+00 0.00e+00 -- 0.00e+00 0.00e+00 0.00e+00
1 1004 378 0.00e+00 0.00e+00 0.00e+00 -- 0.00e+00 0.00e+00 0.00e+00 -- 0.00e+00 0.00e+00 0.00e+00 -- 0.00e+00 0.00e+00 0.00e+00
1 1004 379 0.00e+00 0.00e+00 0.00e+00 -- 0.00e+00 0.00e+00 0.00e+00 -- 0.00e+00 0.00e+00 0.00e+00 -- 0.00e+00 0.00e+00 0.00e+00
1 1004 380 0.00e+00 0.00e+00 0.00e+00 -- 0.00e+00 0.00e+00 0.00e+00 -- 0.00e+00 0.00e+00 0.00e+00 -- 0.00e+00 0.00e+00 0.00e+00
1 1004 381 0.00e+00 0.00e+00 0.00e+00 -- 0.00e+00 0.00e+00 0.00e+00 -- 0.00e+00 0.00e+00 0.00e+00 -- 0.00e+00 0.00e+00 0.00e+00
1 1004 382 0.00e+00 0.00e+00 0.00e+00 -- 0.00e+00 0.00e+00 0.00e+00 -- 0.00e+00 0.00e+00 0.00e+00 -- 0.00e+00 0.00e+00 0.00e+00
1 1004 383 0.00e+00 0.00e+00 0.00e+00 -- 0.00e+00 0.00e+00 0.00e+00 -- 0.00e+00 0.00e+00 0.00e+00 -- 0.00e+00 0.00e+00 0.00e+00
1 1004 384 0.00e+00 0.00e+00 0.00e+00 -- 0.00e+00 0.00e+00 0.00e+00 -- 0.00e+00 0.00e+00 0.00e+00 -- 0.00e+00 0.00e+00 0.00e+00
1 1004 385 0.00e+00 0.00e+00 0.00e+00 -- 0.00e+00 0.00e+00 0.00e+00 -- 0.00e+00 0.00e+00 0.00e+00 -- 0.00e+00 0.00e+00 0.00e+00
1 1004 386 0.00e+00 0.00e+00 0.00e+00 -- 0.00e+00 0.00e+00 0.00e+00 -- 0.00e+00 0.00e+00 0.00e+00 -- 0.00e+00 0.00e+00 0.00e+00
1 1004 387 0.00e+00 0.00e+00 0.00e+00 -- 0.00e+00 0.00e+00 0.00e+00 -- 0.00e+00 0.00e+00 0.00e+00 -- 0.00e+00 0.00e+00 0.00e+00
1 1004 388 0.00e+00 0.00e+00 0.00e+00 -- 0.00e+00 0.00e+00 0.00e+00 -- 0.00e+00 0.00e+00 0.00e+00 -- 0.00e+00 0.00e+00 0.00e+00
1 1004 389 0.00e+00 0.00e+00 0.00e+00 -- 0.00e+00 0.00e+00 0.00e+00 -- 0.00e+00 0.00e+00 0.00e+00 -- 0.00e+00 0.00e+00 0.00e+00
1 1004 390 0.00e+00 0.00e+00 0.00e+00 -- 0.00e+00 0.00e+00 0.00e+00 -- 0.00e+00 0.00e+00 0.00e+00 -- 0.00e+00 0.00e+00 0.00e+00
1 1004 391 0.00e+00 0.00e+00 0.00e+00 -- 0.00e+00 0.00e+00 0.00e+00 -- 0.00e+00 0.00e+00 0.00e+00 -- 0.00e+00 0.00e+00 0.00e+00
1 1004 392 0.00e+00 0.00e+00 0.00e+00 -- 0.00e+00 0.00e+00 0.00e+00 -- 0.00e+00 0.00e+00 0.00e+00 -- 0.00e+00 0.00e+00 0.00e+00
1 1004 393 0.00e+00 0.00e+00 0.00e+00 -- 0.00e+00 0.00e+00 0.00e+00 -- 0.00e+00 0.00e+00 0.00e+00 -- 0.00e+00 0.00e+00 0.00e+00
1 1004 394 0.00e+00 0.00e+00 0.00e+00 -- 0.00e+00 0.00e+00 0.00e+00 -- 0.00e+00 0.00e+00 0.00e+00 -- 0.00e+00 0.00e+00 0.00e+00
1 1004 395 0.00e+00 0.00e+00 0.00e+00 -- 0.00e+00 0.00e+00 0.00e+00 -- 0.00e+00 0.00e+00 0.00e+00 -- 0.00e+00 0.00e+00 0.00e+00
1 1004 396 0.00e+00 0.00e+00 0.00e+00 -- 0.00e+00 0.00e+00 0.00e+00 -- 0.00e+00 0.00e+00 0.00e+00 -- 0.00e+00 0.00e+00 0.00e+00
1 1004 397 0.00e+00 0.00e+00 0.00e+00 -- 0.00e+00 0.00e+00 0.00e+00 -- 0.00e+00 0.00e+00 0.00e+00 -- 0.00e+00 0.00e+00 0.00e+00
1 1004 398 0.00e+00 0.00e+00 0.00e+00 -- 0.00e+00 0.00e+00 0.00e+00 -- 0.00e+00 0.00e+00 0.00e+00 -- 0.00e+00 0.00e+00 0.00e+00
1 1004 399 0.00e+00 0.00e+00 0.00e+00 -- 0.00e+00 0.00e+00 0.00e+00 -- 0.00e+00 0.00e+00 0.00e+00 -- 0.00e+00 0.00e+00 0.00e+00
1 1004 400 0.00e+00 0.00e+00 0.00e+00 -- 0.00e+00 0.00e+00 0.00e+00 -- 0.00e+00 0.00e+00 0.00e+00 -- 0.00e+00 0.00e+00 0.00e+00
1 1004 401 0.00e+00 0.00e+00 0.00e+00 -- 0.00e+00 0.00e+00 0.00e+00 -- 0.00e+00 0.00e+00 0.00e+00 -- 0.00e+00 0.00e+00 0.00e+00
1 1004 402 0.00e+00 0.00e+00 0.00e+00 -- 0.00e+00 0.00e+00 0.00e+00 -- 0.00e+00 0.00e+00 0.00e+00 -- 0.00e+00 0.00e+00 0.00e+00
1 1004 403 0.00e+00 0.00e+00 0.00e+00 -- 0.00e+00 0.00e+00 0.00e+00 -- 0.00e+00 0.00e+00 0.00e+00 -- 0.00e+00 0.00e+00 0.00e+00
1 1004 404 0.00e+00 0.00e+00 0.00e+00 -- 0.00e+00 0.00e+00 0.00e+00 -- 0.00e+00 0.00e+00 0.00e+00 -- 0.00e+00 0.00e+00 0.00e+00
1 1004 405 0.00e+00 0.00e+00 0.00e+00 -- 0.00e+00 0.00e+00 0.00e+00 -- 0.00e+00 0.00e+00 0.00e+00 -- 0.00e+00 0.00e+00 0.00e+00
1 1004 406 0.00e+00 0.00e+00 0.00e+00 -- 0.00e+00 0.00e+00 0.00e+00 -- 0.00e+00 0.00e+00 0.00e+00 -- 0.00e+00 0.00e+00 0.00e+00
1 1004 407 0.00e+00 0.00e+00 0.00e+00 -- 0.00e+00 0.00e+00 0.00e+00 -- 0.00e+00 0.00e+00 0.00e+00 -- 0.00e+00 0.00e+00 0.00e+00
1 1004 408 0.00e+00 0.00e+00 0.00e+00 -- 0.00e+00 0.00e+00 0.00e+00 -- 0.00e+00 0.00e+00 0.00e+00 -- 0.00e+00 0.00e+00 0.00e+00
1 1004 409 0.00e+00 0.00e+00 0.00e+00 -- 0.00e+00 0.00e+00 0.00e+00 -- 0.00e+00 0.00e+00 0.00e+00 -- 0.00e+00 0.00e+00 0.00e+00
1 1004 410 0.00e+00 0.00e+00 0.00e+00 -- 0.00e+00 0.00e+00 0.00e+00 -- 0.00e+00 0.00e+00 0.00e+00 -- 0.00e+00 0.00e+00 0.00e+00
1 1004 411 0.00e+00 0.00e+00 0.00e+00 -- 0.00e+00 0.00e+00 0.00e+00 -- 0.00e+00 0.00e+00 0.00e+00 -- 0.00e+00 0.00e+00 0.00e+00
1 1004 412 0.00e+00 0.00e+00 0.00e+00 -- 0.00e+00 0.00e+00 0.00e+00 -- 0.00e+00 0.00e+00 0.00e+00 -- 0.00e+00 0.00e+00 0.00e+00
1 1004 413 0.00e+00 0.00e+00 0.00e+00 -- 0.00e+00 0.00e+00 0.00e+00 -- 0.00e+00 0.00e+00 0.00e+00 -- 0.00e+00 0.00e+00 0.00e+00
1 1004 414 0.00e+00 0.00e+00 0.00e+00 -- 0.00e+00 0.00e+00 0.00e+00 -- 0.00e+00 0.00e+00 0.00e+00 -- 0.00e+00 0.00e+00 0.00e+00
1 1004 415 0.00e+00 0.00e+00 0.00e+00 -- 0.00e+00 0.00e+00 0.00e+00 -- 0.00e+00 0.00e+00 0.00e+00 -- 0.00e+00 0.00e+00 0.00e+00
1 1004 416 0.00e+00 0.00e+00 0.00e+00 -- 0.00e+00 0.00e+00 0.00e+00 -- 0.00e+00 0.00e+00 0.00e+00 -- 0.00e+00 0.00e+00 0.00e+00
1 1004 417 0.00e+00 0.00e+00 0.00e+00 -- 0.00e+00 0.00e+00 0.00e+00 -- 0.00e+00 0.00e+00 0.00e+00 -- 0.00e+00 0.00e+00 0.00e+00
1 1004 418 0.00e+00 0.00e+00 0.00e+00 -- 0.00e+00 0.00e+00 0.00e+00 -- 0.00e+00 0.00e+00 0.00e+00 -- 0.00e+00 0.00e+00 0.00e+00
1 1004 419 0.00e+00 0.00e+00 0.00e+00 -- 0.00e+00 0.00e+00 0.00e+00 -- 0.00e+00 0.00e+00 0.00e+00 -- 0.00e+00 0.00e+00 0.00e+00
1 1004 420 0.00e+00 0.00e+00 0.00e+00 -- 0.00e+00 0.00e+00 0.00e+00 -- 0.00e+00 0.00e+00 0.00e+00 -- 0.00e+00 0.00e+00 0.00e+00
1 1004 421 0.00e+00 0.00e+00 0.00e+00 -- 0.00e+00 0.00e+00 0.00e+00 -- 0.00e+00 0.00e+00 0.00e+00 -- 0.00e+00 0.00e+00 0.00e+00
1 1004 422 0.00e+00 0.00e+00 0.00e+00 -- 0.00e+00 0.00e+00 0.00e+00 -- 0.00e+00 0.00e+00 0.00e+00 -- 0.00e+00 0.00e+00 0.00e+00
1 1004 423 0.00e+00 0.00e+00 0.00e+00 -- 0.00e+00 0.00e+00 0.00e+00 -- 0.00e+00 0.00e+00 0.00e+00 -- 0.00e+00 0.00e+00 0.00e+00
1 1004 424 0.00e+00 0.00e+00 0.00e+00 -- 0.00e+00 0.00e+00 0.00e+00 -- 0.00e+00 0.00e+00 0.00e+00 -- 0.00e+00 0.00e+00 0.00e+00
1 1004 425 0.00e+00 0.00e+00 0.00e+00 -- 0.00e+00 0.00e+00 0.00e+00 -- 0.00e+00 0.00e+00 0.00e+00 -- 0.00e+00 0.00e+00 0.00e+00
1 1004 426 0.00e+00 0.00e+00 0.00e+00 -- 0.00e+00 0.00e+00 0.00e+00 -- 0.00e+00 0.00e+00 0.00e+00 -- 0.00e+00 0.00e+00 0.00e+00
1 1004 427 0.00e+00 0.00e+00 0.00e+00 -- 0.00e+00 0.00e+00 0.00e+00 -- 0.00e+00 0.00e+00 0.00e+00 -- 0.00e+00 0.00e+00 0.00e+00
1 1004 428 0.00e+00 0.00e+00 0.00e+00 -- 0.00e+00 0.00e+00 0.00e+00 -- 0.00e+00 0.00e+00 0.00e+00 -- 0.00e+00 0.00e+00 0.00e+00
1 1004 429 0.00e+00 0.00e+00 0.00e+00 -- 0.00e+00 0.00e+00 0.00e+00 -- 0.00e+00 0.00e+00 0.00e+00 -- 0.00e+00 0.00e+00 0.00e+00
1 1004 430 0.00e+00 0.00e+00 0.00e+00 -- 0.00e+00 0.00e+00 0.00e+00 -- 0.00e+00 0.00e+00 0.00e+00 -- 0.00e+00 0.00e+00 0.00e+00
1 1004 431 0.00e+00 0.00e+00 0.00e+00 -- 0.00e+00 0.00e+00 0.00e+00 -- 0.00e+00 0.00e+00 0.00e+00 -- 0.00e+00 0.00e+00 0.00e+00
1 1004 432 0.00e+00 0.00e+00 0.00e+00 -- 0.00e+00 0.00e+00 0.00e+00 -- 0.00e+00 0.00e+00 0.00e+00 -- 0.00e+00 0.00e+00 0.00e+00
1 1004 433 0.00e+00 0.00e+00 0.00e+00 -- 0.00e+00 0.00e+00 0.00e+00 -- 0.00e+00 0.00e+00 0.00e+00 -- 0.00e+00 0.00e+00 0.00e+00
1 1004 434 0.00e+00 0.00e+00 0.00e+00 -- 0.00e+00 0.00e+00 0.00e+00 -- 0.00e+00 0.00e+00 0.00e+00 -- 0.00e+00 0.00e+00 0.00e+00
1 1004 435 0.00e+00 0.00e+00 0.00e+00 -- 0.00e+00 0.00e+00 0.00e+00 -- 0.00e+00 0.00e+00 0.00e+00 -- 0.00e+00 0.00e+00 0.00e+00
1 1004 436 0.00e+00 0.00e+00 0.00e+00 -- 0.00e+00 0.00e+00 0.00e+00 -- 0.00e+00 0.00e+00 0.00e+00 -- 0.00e+00 0.00e+00 0.00e+00
1 1004 437 0.00e+00 0.00e+00 0.00e+00 -- 0.00e+00 0.00e+00 0.00e+00 -- 0.00e+00 0.00e+00 0.00e+00 -- 0.00e+00 0.00e+00 0.00e+00
1 1004 438 0.00e+00 0.00e+00 0.00e+00 -- 0.00e+00 0.00e+00 0.00e+00 -- 0.00e+00 0.00e+00 0.00e+00 -- 0.00e+00 0.00e+00 0.00e+00
1 1004 439 0.00e+00 0.00e+00 0.00e+00 -- 0.00e+00 0.00e+00 0.00e+00 -- 0.00e+00 0.00e+00 0.00e+00 -- 0.00e+00 0.00e+00 0.00e+00
1 1004 440 0.00e+00 0.00e+00 0.00e+00 -- 0.00e+00 0.00e+00 0.00e+00 -- 0.00e+00 0.00e+00 0.00e+00 -- 0.00e+00 0.00e+00 0.00e+00
1 1004 441 0.00e+00 0.00e+00 0.00e+00 -- 0.00e+00 0.00e+00 0.00e+00 -- 0.00e+00 0.00e+00 0.00e+00 -- 0.00e+00 0.00e+00 0.00e+00
1 1004 442 0.00e+00 0.00e+00 0.00e+00 -- 0.00e+00 0.00e+00 0.00e+00 -- 0.00e+00 0.00e+00 0.00e+00 -- 0.00e+00 0.00e+00 0.00e+00
1 1004 443 0.00e+00 0.00e+00 0.00e+00 -- 0.00e+00 0.00e+00 0.00e+00 -- 0.00e+00 0.00e+00 0.00e+00 -- 0.00e+00 0.00e+00 0.00e+00
1 1004 444 0.00e+00 0.00e+00 0.00e+00 -- 0.00e+00 0.00e+00 0.00e+00 -- 0.00e+00 0.00e+00 0.00e+00 -- 0.00e+00 0.00e+00 0.00e+00
1 1004 445 0.00e+00 0.00e+00 0.00e+00 -- 0.00e+00 0.00e+00 0.00e+00 -- 0.00e+00 0.00e+00 0.00e+00 -- 0.00e+00 0.00e+00 0.00e+00
1 1004 446 0.00e+00 0.00e+00 0.00e+00 -- 0.00e+00 0.00e+00 0.00e+00 -- 0.00e+00 0.00e+00 0.00e+00 -- 0.00e+00 0.00e+00 0.00e+00
1 1004 447 0.00e+00 0.00e+00 0.00e+00 -- 0.00e+00 0.00e+00 0.00e+00 -- 0.00e+00 0.00e+00 0.00e+00 -- 0.00e+00 0.00e+00 0.00e+00
1 1004 448 0.00e+00 0.00e+00 0.00e+00 -- 0.00e+00 0.00e+00 0.00e+00 -- 0.00e+00 0.00e+00 0.00e+00 -- 0.00e+00 0.00e+00 0.00e+00
1 1004 449 0.00e+00 0.00e+00 0.00e+00 -- 0.00e+00 0.00e+00 0.00e+00 -- 0.00e+00 0.00e+00 0.00e+00 -- 0.00e+00 0.00e+00 0.00e+00
1 1004 450 0.00e+00 0.00e+00 0.00e+00 -- 0.00e+00 0.00e+00 0.00e+00 -- 0.00e+00 0.00e+00 0.00e+00 -- 0.00e+00 0.00e+00 0.00e+00
1 1004 451 0.00e+00 0.00e+00 0.00e+00 -- 0.00e+00 0.00e+00 0.00e+00 -- 0.00e+00 0.00e+00 0.00e+00 -- 0.00e+00 0.00e+00 0.00e+00
1 1004 452 0.00e+00 0.00e+00 0.00e+00 -- 0.00e+00 0.00e+00 0.00e+00 -- 0.00e+00 0.00e+00 0.00e+00 -- 0.00e+00 0.00e+00 0.00e+00
1 1004 453 0.00e+00 0.00e+00 0.00e+00 -- 0.00e+00 0.00e+00 0.00e+00 -- 0.00e+00 0.00e+00 0.00e+00 -- 0.00e+00 0.00e+00 0.00e+00
1 1004 454 0.00e+00 0.00e+00 0.00e+00 -- 0.00e+00 0.00e+00 0.00e+00 -- 0.00e+00 0.00e+00 0.00e+00 -- 0.00e+00 0.00e+00 0.00e+00
1 1004 455 0.00e+00 0.00e+00 0.00e+00 -- 0.00e+00 0.00e+00 0.00e+00 -- 0.00e+00 0.00e+00 0.00e+00 -- 0.00e+00 0.00e+00 0.00e+00
1 1004 456 0.00e+00 0.00e+00 0.00e+00 -- 0.00e+00 0.00e+00 0.00e+00 -- 0.00e+00 0.00e+00 0.00e+00 -- 0.00e+00 0.00e+00 0.00e+00
1 1004 457 0.00e+00 0.00e+00 0.00e+00 -- 0.00e+00 0.00e+00 0.00e+00 -- 0.00e+00 0.00e+00 0.00e+00 -- 0.00e+00 0.00e+00 0.00e+00
1 1004 458 0.00e+00 0.00e+00 0.00e+00 -- 0.00e+00 0.00e+00 0.00e+00 -- 0.00e+00 0.00e+00 0.00e+00 -- 0.00e+00 0.00e+00 0.00e+00
1 1004 459 0.00e+00 0.00e+00 0.00e+00 -- 0.00e+00 0.00e+00 0.00e+00 -- 0.00e+00 0.00e+00 0.00e+00 -- 0.00e+00 0.00e+00 0.00e+00
1 1004 460 0.00e+00 0.00e+00 0.00e+00 -- 0.00e+00 0.00e+00 0.00e+00 -- 0.00e+00 0.00e+00 0.00e+00 -- 0.00e+00 0.00e+00 0.00e+00
1 1004 461 0.00e+00 0.00e+00 0.00e+00 -- 0.00e+00 0.00e+00 0.00e+00 -- 0.00e+00 0.00e+00 0.00e+00 -- 0.00e+00 0.00e+00 0.00e+00
1 1004 462 0.00e+00 0.00e+00 0.00e+00 -- 0.00e+00 0.00e+00 0.00e+00 -- 0.00e+00 0.00e+00 0.00e+00 -- 0.00e+00 0.00e+00 0.00e+00
1 1004 463 0.00e+00 0.00e+00 0.00e+00 -- 0.00e+00 0.00e+00 0.00e+00 -- 0.00e+00 0.00e+00 0.00e+00 -- 0.00e+00 0.00e+00 0.00e+00
1 1004 464 0.00e+00 0.00e+00 0.00e+00 -- 0.00e+00 0.00e+00 0.00e+00 -- 0.00e+00 0.00e+00 0.00e+00 -- 0.00e+00 0.00e+00 0.00e+00
1 1004 465 0.00e+00 0.00e+00 0.00e+00 -- 0.00e+00 0.00e+00 0.00e+00 -- 0.00e+00 0.00e+00 0.00e+00 -- 0.00e+00 0.00e+00 0.00e+00
1 1004 466 0.00e+00 0.00e+00 0.00e+00 -- 0.00e+00 0.00e+00 0.00e+00 -- 0.00e+00 0.00e+00 0.00e+00 -- 0.00e+00 0.00e+00 0.00e+00
1 1004 467 0.00e+00 0.00e+00 0.00e+00 -- 0.00e+00 0.00e+00 0.00e+00 -- 0.00e+00 0.00e+00 0.00e+00 -- 0.00e+00 0.00e+00 0.00e+00
1 1004 468 0.00e+00 0.00e+00 0.00e+00 -- 0.00e+00 0.00e+00 0.00e+00 -- 0.00e+00 0.00e+00 0.00e+00 -- 0.00e+00 0.00e+00 0.00e+00
1 1004 469 0.00e+00 0.00e+00 0.00e+00 -- 0.00e+00 0.00e+00 0.00e+00 -- 0.00e+00 0.00e+00 0.00e+00 -- 0.00e+00 0.00e+00 0.00e+00
1 1004 470 0.00e+00 0.00e+00 0.00e+00 -- 0.00e+00 0.00e+00 0.00e+00 -- 0.00e+00 0.00e+00 0.00e+00 -- 0.00e+00 0.00e+00 0.00e+00
1 1004 471 0.00e+00 0.00e+00 0.00e+00 -- 0.00e+00 0.00e+00 0.00e+00 -- 0.00e+00 0.00e+00 0.00e+00 -- 0.00e+00 0.00e+00 0.00e+00
1 1004 472 0.00e+00 0.00e+00 0.00e+00 -- 0.00e+00 0.00e+00 0.00e+00 -- 0.00e+00 0.00e+00 0.00e+00 -- 0.00e+00 0.00e+00 0.00e+00
1 1004 473 0.00e+00 0.00e+00 0.00e+00 -- 0.00e+00 0.00e+00 0.00e+00 -- 0.00e+00 0.00e+00 0.00e+00 -- 0.00e+00 0.00e+00 0.00e+00
1 1004 474 0.00e+00 0.00e+00 0.00e+00 -- 0.00e+00 0.00e+00 0.00e+00 -- 0.00e+00 0.00e+00 0.00e+00 -- 0.00e+00 0.00e+00 0.00e+00
1 1004 475 0.00e+00 0.00e+00 0.00e+00 -- 0.00e+00 0.00e+00 0.00e+00 -- 0.00e+00 0.00e+00 0.00e+00 -- 0.00e+00 0.00e+00 0.00e+00
1 1004 476 0.00e+00 0.00e+00 0.00e+00 -- 0.00e+00 0.00e+00 0.00e+00 -- 0.00e+00 0.00e+00 0.00e+00 -- 0.00e+00 0.00e+00 0.00e+00
1 1004 477 0.00e+00 0.00e+00 0.00e+00 -- 0.00e+00 0.00e+00 0.00e+00 -- 0.00e+00 0.00e+00 0.00e+00 -- 0.00e+00 0.00e+00 0.00e+00
1 1004 478 0.00e+00 0.00e+00 0.00e+00 -- 0.00e+00 0.00e+00 0.00e+00 -- 0.00e+00 0.00e+00 0.00e+00 -- 0.00e+00 0.00e+00 0.00e+00
1 1004 479 0.00e+00 0.00e+00 0.00e+00 -- 0.00e+00 0.00e+00 0.00e+00 -- 0.00e+00 0.00e+00 0.00e+00 -- 0.00e+00 0.00e+00 0.00e+00
1 1004 480 0.00e+00 0.00e+00 0.00e+00 -- 0.00e+00 0.00e+00 0.00e+00 -- 0.00e+00 0.00e+00 0.00e+00 -- 0.00e+00 0.00e+00 0.00e+00
1 1004 481 0.00e+00 0.00e+00 0.00e+00 -- 0.00e+00 0.00e+00 0.00e+00 -- 0.00e+00 0.00e+00 0.00e+00 -- 0.00e+00 0.00e+00 0.00e+00
1 1004 482 0.00e+00 0.00e+00 0.00e+00 -- 0.00e+00 0.00e+00 0.00e+00 -- 0.00e+00 0.00e+00 0.00e+00 -- 0.00e+00 0.00e+00 0.00e+00
1 1004 483 0.00e+00 0.00e+00 0.00e+00 -- 0.00e+00 0.00e+00 0.00e+00 -- 0.00e+00 0.00e+00 0.00e+00 -- 0.00e+00 0.00e+00 0.00e+00
1 1004 484 0.00e+00 0.00e+00 0.00e+00 -- 0.00e+00 0.00e+00 0.00e+00 -- 0.00e+00 0.00e+00 0.00e+00 -- 0.00e+00 0.00e+00 0.00e+00
1 1004 485 0.00e+00 0.00e+00 0.00e+00 -- 0.00e+00 0.00e+00 0.00e+00 -- 0.00e+00 0.00e+00 0.00e+00 -- 0.00e+00 0.00e+00 0.00e+00
1 1004 486 0.00e+00 0.00e+00 0.00e+00 -- 0.00e+00 0.00e+00 0.00e+00 -- 0.00e+00 0.00e+00 0.00e+00 -- 0.00e+00 0.00e+00 0.00e+00
1 1004 487 0.00e+00 0.00e+00 0.00e+00 -- 0.00e+00 0.00e+00 0.00e+00 -- 0.00e+00 0.00e+00 0.00e+00 -- 0.00e+00 0.00e+00 0.00e+00
1 1004 488 0.00e+00 0.00e+00 0.00e+00 -- 0.00e+00 0.00e+00 0.00e+00 -- 0.00e+00 0.00e+00 0.00e+00 -- 0.00e+00 0.00e+00 0.00e+00
1 1004 489 0.00e+00 0.00e+00 0.00e+00 -- 0.00e+00 0.00e+00 0.00e+00 -- 0.00e+00 0.00e+00 0.00e+00 -- 0.00e+00 0.00e+00 0.00e+00
1 1004 490 0.00e+00 0.00e+00 0.00e+00 -- 0.00e+00 0.00e+00 0.00e+00 -- 0.00e+00 0.00e+00 0.00e+00 -- 0.00e+00 0.00e+00 0.00e+00
1 1004 491 0.00e+00 0.00e+00 0.00e+00 -- 0.00e+00 0.00e+00 0.00e+00 -- 0.00e+00 0.00e+00 0.00e+00 -- 0.00e+00 0.00e+00 0.00e+00
1 1004 492 0.00e+00 0.00e+00 0.00e+00 -- 0.00e+00 0.00e+00 0.00e+00 -- 0.00e+00 0.00e+00 0.00e+00 -- 0.00e+00 0.00e+00 0.00e+00
1 1004 493 0.00e+00 0.00e+00 0.00e+00 -- 0.00e+00 0.00e+00 0.00e+00 -- 0.00e+00 0.00e+00 0.00e+00 -- 0.00e+00 0.00e+00 0.00e+00
1 1004 494 0.00e+00 0.00e+00 0.00e+00 -- 0.00e+00 0.00e+00 0.00e+00 -- 0.00e+00 0.00e+00 0.00e+00 -- 0.00e+00 0.00e+00 0.00e+00
1 1004 495 0.00e+00 0.00e+00 0.00e+00 -- 0.00e+00 0.00e+00 0.00e+00 -- 0.00e+00 0.00e+00 0.00e+00 -- 0.00e+00 0.00e+00 0.00e+00
1 1004 496 0.00e+00 0.00e+00 0.00e+00 -- 0.00e+00 0.00e+00 0.00e+00 -- 0.00e+00 0.00e+00 0.00e+00 -- 0.00e+00 0.00e+00 0.00e+00
1 1004 497 0.00e+00 0.00e+00 0.00e+00 -- 0.00e+00 0.00e+00 0.00e+00 -- 0.00e+00 0.00e+00 0.00e+00 -- 0.00e+00 0.00e+00 0.00e+00
1 1004 498 0.00e+00 0.00e+00 0.00e+00 -- 0.00e+00 0.00e+00 0.00e+00 -- 0.00e+00 0.00e+00 0.00e+00 -- 0.00e+00 0.00e+00 0.00e+00
1 1004 499 0.00e+00 0.00e+00 0.00e+00 -- 0.00e+00 0.00e+00 0.00e+00 -- 0.00e+00 0.00e+00 0.00e+00 -- 0.00e+00 0.00e+00 0.00e+00
1 1004 500 0.00e+00 0.00e+00 0.00e+00 -- 0.00e+00 0.00e+00 0.00e+00 -- 0.00e+00 0.00e+00 0.00e+00 -- 0.00e+00 0.00e+00 0.00e+00
1 1004 501 0.00e+00 0.00e+00 0.00e+00 -- 0.00e+00 0.00e+00 0.00e+00 -- 0.00e+00 0.00e+00 0.00e+00 -- 0.00e+00 0.00e+00 0.00e+00
1 1004 502 0.00e+00 0.00e+00 0.00e+00 -- 0.00e+00 0.00e+00 0.00e+00 -- 0.00e+00 0.00e+00 0.00e+00 -- 0.00e+00 0.00e+00 0.00e+00
1 1004 503 0.00e+00 0.00e+00 0.00e+00 -- 0.00e+00 0.00e+00 0.00e+00 -- 0.00e+00 0.00e+00 0.00e+00 -- 0.00e+00 0.00e+00 0.00e+00
1 1004 504 0.00e+00 0.00e+00 0.00e+00 -- 0.00e+00 0.00e+00 0.00e+00 -- 0.00e+00 0.00e+00 0.00e+00 -- 0.00e+00 0.00e+00 0.00e+00
1 1004 505 0.00e+00 0.00e+00 0.00e+00 -- 0.00e+00 0.00e+00 0.00e+00 -- 0.00e+00 0.00e+00 0.00e+00 -- 0.00e+00 0.00e+00 0.00e+00
1 1004 506 0.00e+00 0.00e+00 0.00e+00 -- 0.00e+00 0.00e+00 0.00e+00 -- 0.00e+00 0.00e+00 0.00e+00 -- 0.00e+00 0.00e+00 0.00e+00
1 1004 507 0.00e+00 0.00e+00 0.00e+00 -- 0.00e+00 0.00e+00 0.00e+00 -- 0.00e+00 0.00e+00 0.00e+00 -- 0.00e+00 0.00e+00 0.00e+00
1 1004 508 0.00e+00 0.00e+00 0.00e+00 -- 0.00e+00 0.00e+00 0.00e+00 -- 0.00e+00 0.00e+00 0.00e+00 -- 0.00e+00 0.00e+00 0.00e+00
1 1004 509 0.00e+00 0.00e+00 0.00e+00 -- 0.00e+00 0.00e+00 0.00e+00 -- 0.00e+00 0.00e+00 0.00e+00 -- 0.00e+00 0.00e+00 0.00e+00
1 1004 510 0.00e+00 0.00e+00 0.00e+00 -- 0.00e+00 0.00e+00 0.00e+00 -- 0.00e+00 0.00e+00 0.00e+00 -- 0.00e+00 0.00e+00 0.00e+00
1 1004 511 0.00e+00 0.00e+00 0.00e+00 -- 0.00e+00 0.00e+00 0.00e+00 -- 0.00e+00 0.00e+00 0.00e+00 -- 0.00e+00 0.00e+00 0.00e+00
1 1004 512 0.00e+00 0.00e+00 0.00e+00 -- 0.00e+00 0.00e+00 0.00e+00 -- 0.00e+00 0.00e+00 0.00e+00 -- 0.00e+00 0.00e+00 0.00e+00
1 1004 513 0.00e+00 0.00e+00 0.00e+00 -- 0.00e+00 0.00e+00 0.00e+00 -- 0.00e+00 0.00e+00 0.00e+00 -- 0.00e+00 0.00e+00 0.00e+00
1 1004 514 0.00e+00 0.00e+00 0.00e+00 -- 0.00e+00 0.00e+00 0.00e+00 -- 0.00e+00 0.00e+00 0.00e+00 -- 0.00e+00 0.00e+00 0.00e+00
1 1004 515 0.00e+00 0.00e+00 0.00e+00 -- 0.00e+00 0.00e+00 0.00e+00 -- 0.00e+00 0.00e+00 0.00e+00 -- 0.00e+00 0.00e+00 0.00e+00
1 1004 516 0.00e+00 0.00e+00 0.00e+00 -- 0.00e+00 0.00e+00 0.00e+00 -- 0.00e+00 0.00e+00 0.00e+00 -- 0.00e+00 0.00e+00 0.00e+00
1 1004 517 0.00e+00 0.00e+00 0.00e+00 -- 0.00e+00 0.00e+00 0.00e+00 -- 0.00e+00 0.00e+00 0.00e+00 -- 0.00e+00 0.00e+00 0.00e+00
1 1004 518 0.00e+00 0.00e+00 0.00e+00 -- 0.00e+00 0.00e+00 0.00e+00 -- 0.00e+00 0.00e+00 0.00e+00 -- 0.00e+00 0.00e+00 0.00e+00
1 1004 519 0.00e+00 0.00e+00 0.00e+00 -- 0.00e+00 0.00e+00 0.00e+00 -- 0.00e+00 0.00e+00 0.00e+00 -- 0.00e+00 0.00e+00 0.00e+00
1 1004 520 0.00e+00 0.00e+00 0.00e+00 -- 0.00e+00 0.00e+00 0.00e+00 -- 0.00e+00 0.00e+00 0.00e+00 -- 0.00e+00 0.00e+00 0.00e+00
1 1004 521 0.00e+00 0.00e+00 0.00e+00 -- 0.00e+00 0.00e+00 0.00e+00 -- 0.00e+00 0.00e+00 0.00e+00 -- 0.00e+00 0.00e+00 0.00e+00
1 1004 522 0.00e+00 0.00e+00 0.00e+00 -- 0.00e+00 0.00e+00 0.00e+00 -- 0.00e+00 0.00e+00 0.00e+00 -- 0.00e+00 0.00e+00 0.00e+00
1 1004 523 0.00e+00 0.00e+00 0.00e+00 -- 0.00e+00 0.00e+00 0.00e+00 -- 0.00e+00 0.00e+00 0.00e+00 -- 0.00e+00 0.00e+00 0.00e+00
1 1004 524 0.00e+00 0.00e+00 0.00e+00 -- 0.00e+00 0.00e+00 0.00e+00 -- 0.00e+00 0.00e+00 0.00e+00 -- 0.00e+00 0.00e+00 0.00e+00
1 1004 525 0.00e+00 0.00e+00 0.00e+00 -- 0.00e+00 0.00e+00 0.00e+00 -- 0.00e+00 0.00e+00 0.00e+00 -- 0.00e+00 0.00e+00 0.00e+00
1 1004 526 0.00e+00 0.00e+00 0.00e+00 -- 0.00e+00 0.00e+00 0.00e+00 -- 0.00e+00 0.00e+00 0.00e+00 -- 0.00e+00 0.00e+00 0.00e+00
1 1004 527 0.00e+00 0.00e+00 0.00e+00 -- 0.00e+00 0.00e+00 0.00e+00 -- 0.00e+00 0.00e+00 0.00e+00 -- 0.00e+00 0.00e+00 0.00e+00
1 1004 528 0.00e+00 0.00e+00 0.00e+00 -- 0.00e+00 0.00e+00 0.00e+00 -- 0.00e+00 0.00e+00 0.00e+00 -- 0.00e+00 0.00e+00 0.00e+00
1 1004 529 0.00e+00 0.00e+00 0.00e+00 -- 0.00e+00 0.00e+00 0.00e+00 -- 0.00e+00 0.00e+00 0.00e+00 -- 0.00e+00 0.00e+00 0.00e+00
1 1004 530 0.00e+00 0.00e+00 0.00e+00 -- 0.00e+00 0.00e+00 0.00e+00 -- 0.00e+00 0.00e+00 0.00e+00 -- 0.00e+00 0.00e+00 0.00e+00
1 1004 531 0.00e+00 0.00e+00 0.00e+00 -- 0.00e+00 0.00e+00 0.00e+00 -- 0.00e+00 0.00e+00 0.00e+00 -- 0.00e+00 0.00e+00 0.00e+00
1 1004 532 0.00e+00 0.00e+00 0.00e+00 -- 0.00e+00 0.00e+00 0.00e+00 -- 0.00e+00 0.00e+00 0.00e+00 -- 0.00e+00 0.00e+00 0.00e+00
1 1004 533 0.00e+00 0.00e+00 0.00e+00 -- 0.00e+00 0.00e+00 0.00e+00 -- 0.00e+00 0.00e+00 0.00e+00 -- 0.00e+00 0.00e+00 0.00e+00
1 1004 534 0.00e+00 0.00e+00 0.00e+00 -- 0.00e+00 0.00e+00 0.00e+00 -- 0.00e+00 0.00e+00 0.00e+00 -- 0.00e+00 0.00e+00 0.00e+00
1 1004 535 0.00e+00 0.00e+00 0.00e+00 -- 0.00e+00 0.00e+00 0.00e+00 -- 0.00e+00 0.00e+00 0.00e+00 -- 0.00e+00 0.00e+00 0.00e+00
1 1004 536 0.00e+00 0.00e+00 0.00e+00 -- 0.00e+00 0.00e+00 0.00e+00 -- 0.00e+00 0.00e+00 0.00e+00 -- 0.00e+00 0.00e+00 0.00e+00
1 1004 537 0.00e+00 0.00e+00 0.00e+00 -- 0.00e+00 0.00e+00 0.00e+00 -- 0.00e+00 0.00e+00 0.00e+00 -- 0.00e+00 0.00e+00 0.00e+00
1 1004 538 0.00e+00 0.00e+00 0.00e+00 -- 0.00e+00 0.00e+00 0.00e+00 -- 0.00e+00 0.00e+00 0.00e+00 -- 0.00e+00 0.00e+00 0.00e+00
1 1004 539 0.00e+00 0.00e+00 0.00e+00 -- 0.00e+00 0.00e+00 0.00e+00 -- 0.00e+00 0.00e+00 0.00e+00 -- 0.00e+00 0.00e+00 0.00e+00
1 1004 540 0.00e+00 0.00e+00 0.00e+00 -- 0.00e+00 0.00e+00 0.00e+00 -- 0.00e+00 0.00e+00 0.00e+00 -- 0.00e+00 0.00e+00 0.00e+00
1 1004 541 0.00e+00 0.00e+00 0.00e+00 -- 0.00e+00 0.00e+00 0.00e+00 -- 0.00e+00 0.00e+00 0.00e+00 -- 0.00e+00 0.00e+00 0.00e+00
1 1004 542 0.00e+00 0.00e+00 0.00e+00 -- 0.00e+00 0.00e+00 0.00e+00 -- 0.00e+00 0.00e+00 0.00e+00 -- 0.00e+00 0.00e+00 0.00e+00
1 1004 543 0.00e+00 0.00e+00 0.00e+00 -- 0.00e+00 0.00e+00 0.00e+00 -- 0.00e+00 0.00e+00 0.00e+00 -- 0.00e+00 0.00e+00 0.00e+00
1 1004 544 0.00e+00 0.00e+00 0.00e+00 -- 0.00e+00 0.00e+00 0.00e+00 -- 0.00e+00 0.00e+00 0.00e+00 -- 0.00e+00 0.00e+00 0.00e+00
1 1004 545 0.00e+00 0.00e+00 0.00e+00 -- 0.00e+00 0.00e+00 0.00e+00 -- 0.00e+00 0.00e+00 0.00e+00 -- 0.00e+00 0.00e+00 0.00e+00
1 1004 546 0.00e+00 0.00e+00 0.00e+00 -- 0.00e+00 0.00e+00 0.00e+00 -- 0.00e+00 0.00e+00 0.00e+00 -- 0.00e+00 0.00e+00 0.00e+00
1 1004 547 0.00e+00 0.00e+00 0.00e+00 -- 0.00e+00 0.00e+00 0.00e+00 -- 0.00e+00 0.00e+00 0.00e+00 -- 0.00e+00 0.00e+00 0.00e+00
1 1004 548 0.00e+00 0.00e+00 0.00e+00 -- 0.00e+00 0.00e+00 0.00e+00 -- 0.00e+00 0.00e+00 0.00e+00 -- 0.00e+00 0.00e+00 0.00e+00
1 1004 549 0.00e+00 0.00e+00 0.00e+00 -- 0.00e+00 0.00e+00 0.00e+00 -- 0.00e+00 0.00e+00 0.00e+00 -- 0.00e+00 0.00e+00 0.00e+00
1 1004 550 0.00e+00 0.00e+00 0.00e+00 -- 0.00e+00 0.00e+00 0.00e+00 -- 0.00e+00 0.00e+00 0.00e+00 -- 0.00e+00 0.00e+00 0.00e+00
1 1004 551 0.00e+00 0.00e+00 0.00e+00 -- 0.00e+00 0.00e+00 0.00e+00 -- 0.00e+00 0.00e+00 0.00e+00 -- 0.00e+00 0.00e+00 0.00e+00
1 1004 552 0.00e+00 0.00e+00 0.00e+00 -- 0.00e+00 0.00e+00 0.00e+00 -- 0.00e+00 0.00e+00 0.00e+00 -- 0.00e+00 0.00e+00 0.00e+00
1 1004 553 0.00e+00 0.00e+00 0.00e+00 -- 0.00e+00 0.00e+00 0.00e+00 -- 0.00e+00 0.00e+00 0.00e+00 -- 0.00e+00 0.00e+00 0.00e+00
1 1004 554 0.00e+00 0.00e+00 0.00e+00 -- 0.00e+00 0.00e+00 0.00e+00 -- 0.00e+00 0.00e+00 0.00e+00 -- 0.00e+00 0.00e+00 0.00e+00
1 1004 555 0.00e+00 0.00e+00 0.00e+00 -- 0.00e+00 0.00e+00 0.00e+00 -- 0.00e+00 0.00e+00 0.00e+00 -- 0.00e+00 0.00e+00 0.00e+00
1 1004 556 0.00e+00 0.00e+00 0.00e+00 -- 0.00e+00 0.00e+00 0.00e+00 -- 0.00e+00 0.00e+00 0.00e+00 -- 0.00e+00 0.00e+00 0.00e+00
1 1004 557 0.00e+00 0.00e+00 0.00e+00 -- 0.00e+00 0.00e+00 0.00e+00 -- 0.00e+00 0.00e+00 0.00e+00 -- 0.00e+00 0.00e+00 0.00e+00
1 1004 558 0.00e+00 0.00e+00 0.00e+00 -- 0.00e+00 0.00e+00 0.00e+00 -- 0.00e+00 0.00e+00 0.00e+00 -- 0.00e+00 0.00e+00 0.00e+00
1 1004 559 0.00e+00 0.00e+00 0.00e+00 -- 0.00e+00 0.00e+00 0.00e+00 -- 0.00e+00 0.00e+00 0.00e+00 -- 0.00e+00 0.00e+00 0.00e+00
1 1004 560 0.00e+00 0.00e+00 0.00e+00 -- 0.00e+00 0.00e+00 0.00e+00 -- 0.00e+00 0.00e+00 0.00e+00 -- 0.00e+00 0.00e+00 0.00e+00
1 1004 561 0.00e+00 0.00e+00 0.00e+00 -- 0.00e+00 0.00e+00 0.00e+00 -- 0.00e+00 0.00e+00 0.00e+00 -- 0.00e+00 0.00e+00 0.00e+00
1 1004 562 0.00e+00 0.00e+00 0.00e+00 -- 0.00e+00 0.00e+00 0.00e+00 -- 0.00e+00 0.00e+00 0.00e+00 -- 0.00e+00 0.00e+00 0.00e+00
1 1004 563 0.00e+00 0.00e+00 0.00e+00 -- 0.00e+00 0.00e+00 0.00e+00 -- 0.00e+00 0.00e+00 0.00e+00 -- 0.00e+00 0.00e+00 0.00e+00
1 1004 564 0.00e+00 0.00e+00 0.00e+00 -- 0.00e+00 0.00e+00 0.00e+00 -- 0.00e+00 0.00e+00 0.00e+00 -- 0.00e+00 0.00e+00 0.00e+00
1 1004 565 0.00e+00 0.00e+00 0.00e+00 -- 0.00e+00 0.00e+00 0.00e+00 -- 0.00e+00 0.00e+00 0.00e+00 -- 0.00e+00 0.00e+00 0.00e+00
1 1004 566 0.00e+00 0.00e+00 0.00e+00 -- 0.00e+00 0.00e+00 0.00e+00 -- 0.00e+00 0.00e+00 0.00e+00 -- 0.00e+00 0.00e+00 0.00e+00
1 1004 567 0.00e+00 0.00e+00 0.00e+00 -- 0.00e+00 0.00e+00 0.00e+00 -- 0.00e+00 0.00e+00 0.00e+00 -- 0.00e+00 0.00e+00 0.00e+00
1 1004 568 0.00e+00 0.00e+00 0.00e+00 -- 0.00e+00 0.00e+00 0.00e+00 -- 0.00e+00 0.00e+00 0.00e+00 -- 0.00e+00 0.00e+00 0.00e+00
1 1004 569 0.00e+00 0.00e+00 0.00e+00 -- 0.00e+00 0.00e+00 0.00e+00 -- 0.00e+00 0.00e+00 0.00e+00 -- 0.00e+00 0.00e+00 0.00e+00
1 1004 570 0.00e+00 0.00e+00 0.00e+00 -- 0.00e+00 0.00e+00 0.00e+00 -- 0.00e+00 0.00e+00 0.00e+00 -- 0.00e+00 0.00e+00 0.00e+00
1 1004 571 0.00e+00 0.00e+00 0.00e+00 -- 0.00e+00 0.00e+00 0.00e+00 -- 0.00e+00 0.00e+00 0.00e+00 -- 0.00e+00 0.00e+00 0.00e+00
1 1004 572 0.00e+00 0.00e+00 0.00e+00 -- 0.00e+00 0.00e+00 0.00e+00 -- 0.00e+00 0.00e+00 0.00e+00 -- 0.00e+00 0.00e+00 0.00e+00
1 1004 573 0.00e+00 0.00e+00 0.00e+00 -- 0.00e+00 0.00e+00 0.00e+00 -- 0.00e+00 0.00e+00 0.00e+00 -- 0.00e+00 0.00e+00 0.00e+00
1 1004 574 0.00e+00 0.00e+00 0.00e+00 -- 0.00e+00 0.00e+00 0.00e+00 -- 0.00e+00 0.00e+00 0.00e+00 -- 0.00e+00 0.00e+00 0.00e+00
1 1004 575 0.00e+00 0.00e+00 0.00e+00 -- 0.00e+00 0.00e+00 0.00e+00 -- 0.00e+00 0.00e+00 0.00e+00 -- 0.00e+00 0.00e+00 0.00e+00
1 1004 576 0.00e+00 0.00e+00 0.00e+00 -- 0.00e+00 0.00e+00 0.00e+00 -- 0.00e+00 0.00e+00 0.00e+00 -- 0.00e+00 0.00e+00 0.00e+00
1 1004 577 0.00e+00 0.00e+00 0.00e+00 -- 0.00e+00 0.00e+00 0.00e+00 -- 0.00e+00 0.00e+00 0.00e+00 -- 0.00e+00 0.00e+00 0.00e+00
1 1004 578 0.00e+00 0.00e+00 0.00e+00 -- 0.00e+00 0.00e+00 0.00e+00 -- 0.00e+00 0.00e+00 0.00e+00 -- 0.00e+00 0.00e+00 0.00e+00
1 1004 579 0.00e+00 0.00e+00 0.00e+00 -- 0.00e+00 0.00e+00 0.00e+00 -- 0.00e+00 0.00e+00 0.00e+00 -- 0.00e+00 0.00e+00 0.00e+00
1 1004 580 0.00e+00 0.00e+00 0.00e+00 -- 0.00e+00 0.00e+00 0.00e+00 -- 0.00e+00 0.00e+00 0.00e+00 -- 0.00e+00 0.00e+00 0.00e+00
1 1004 581 0.00e+00 0.00e+00 0.00e+00 -- 0.00e+00 0.00e+00 0.00e+00 -- 0.00e+00 0.00e+00 0.00e+00 -- 0.00e+00 0.00e+00 0.00e+00
1 1004 582 0.00e+00 0.00e+00 0.00e+00 -- 0.00e+00 0.00e+00 0.00e+00 -- 0.00e+00 0.00e+00 0.00e+00 -- 0.00e+00 0.00e+00 0.00e+00
1 1004 583 0.00e+00 0.00e+00 0.00e+00 -- 0.00e+00 0.00e+00 0.00e+00 -- 0.00e+00 0.00e+00 0.00e+00 -- 0.00e+00 0.00e+00 0.00e+00
1 1004 584 0.00e+00 0.00e+00 0.00e+00 -- 0.00e+00 0.00e+00 0.00e+00 -- 0.00e+00 0.00e+00 0.00e+00 -- 0.00e+00 0.00e+00 0.00e+00
1 1004 585 0.00e+00 0.00e+00 0.00e+00 -- 0.00e+00 0.00e+00 0.00e+00 -- 0.00e+00 0.00e+00 0.00e+00 -- 0.00e+00 0.00e+00 0.00e+00
1 1004 586 0.00e+00 0.00e+00 0.00e+00 -- 0.00e+00 0.00e+00 0.00e+00 -- 0.00e+00 0.00e+00 0.00e+00 -- 0.00e+00 0.00e+00 0.00e+00
1 1004 587 0.00e+00 0.00e+00 0.00e+00 -- 0.00e+00 0.00e+00 0.00e+00 -- 0.00e+00 0.00e+00 0.00e+00 -- 0.00e+00 0.00e+00 0.00e+00
1 1004 588 0.00e+00 0.00e+00 0.00e+00 -- 0.00e+00 0.00e+00 0.00e+00 -- 0.00e+00 0.00e+00 0.00e+00 -- 0.00e+00 0.00e+00 0.00e+00
1 1004 589 0.00e+00 0.00e+00 0.00e+00 -- 0.00e+00 0.00e+00 0.00e+00 -- 0.00e+00 0.00e+00 0.00e+00 -- 0.00e+00 0.00e+00 0.00e+00
1 1004 590 0.00e+00 0.00e+00 0.00e+00 -- 0.00e+00 0.00e+00 0.00e+00 -- 0.00e+00 0.00e+00 0.00e+00 -- 0.00e+00 0.00e+00 0.00e+00
1 1004 591 0.00e+00 0.00e+00 0.00e+00 -- 0.00e+00 0.00e+00 0.00e+00 -- 0.00e+00 0.00e+00 0.00e+00 -- 0.00e+00 0.00e+00 0.00e+00
1 1004 592 0.00e+00 0.00e+00 0.00e+00 -- 0.00e+00 0.00e+00 0.00e+00 -- 0.00e+00 0.00e+00 0.00e+00 -- 0.00e+00 0.00e+00 0.00e+00
1 1004 593 0.00e+00 0.00e+00 0.00e+00 -- 0.00e+00 0.00e+00 0.00e+00 -- 0.00e+00 0.00e+00 0.00e+00 -- 0.00e+00 0.00e+00 0.00e+00
1 1004 594 0.00e+00 0.00e+00 0.00e+00 -- 0.00e+00 0.00e+00 0.00e+00 -- 0.00e+00 0.00e+00 0.00e+00 -- 0.00e+00 0.00e+00 0.00e+00
1 1004 595 0.00e+00 0.00e+00 0.00e+00 -- 0.00e+00 0.00e+00 0.00e+00 -- 0.00e+00 0.00e+00 0.00e+00 -- 0.00e+00 0.00e+00 0.00e+00
1 1004 596 0.00e+00 0.00e+00 0.00e+00 -- 0.00e+00 0.00e+00 0.00e+00 -- 0.00e+00 0.00e+00 0.00e+00 -- 0.00e+00 0.00e+00 0.00e+00
1 1004 597 0.00e+00 0.00e+00 0.00e+00 -- 0.00e+00 0.00e+00 0.00e+00 -- 0.00e+00 0.00e+00 0.00e+00 -- 0.00e+00 0.00e+00 0.00e+00
1 1004 598 0.00e+00 0.00e+00 0.00e+00 -- 0.00e+00 0.00e+00 0.00e+00 -- 0.00e+00 0.00e+00 0.00e+00 -- 0.00e+00 0.00e+00 0.00e+00
1 1004 599 0.00e+00 0.00e+00 0.00e+00 -- 0.00e+00 0.00e+00 0.00e+00 -- 0.00e+00 0.00e+00 0.00e+00 -- 0.00e+00 0.00e+00 0.00e+00
1 1004 600 0.00e+00 0.00e+00 0.00e+00 -- 0.00e+00 0.00e+00 0.00e+00 -- 0.00e+00 0.00e+00 0.00e+00 -- 0.00e+00 0.00e+00 0.00e+00
1 1004 601 0.00e+00 0.00e+00 0.00e+00 -- 0.00e+00 0.00e+00 0.00e+00 -- 0.00e+00 0.00e+00 0.00e+00 -- 0.00e+00 0.00e+00 0.00e+00
1 1004 602 0.00e+00 0.00e+00 0.00e+00 -- 0.00e+00 0.00e+00 0.00e+00 -- 0.00e+00 0.00e+00 0.00e+00 -- 0.00e+00 0.00e+00 0.00e+00
1 1004 603 0.00e+00 0.00e+00 0.00e+00 -- 0.00e+00 0.00e+00 0.00e+00 -- 0.00e+00 0.00e+00 0.00e+00 -- 0.00e+00 0.00e+00 0.00e+00
1 1004 604 0.00e+00 0.00e+00 0.00e+00 -- 0.00e+00 0.00e+00 0.00e+00 -- 0.00e+00 0.00e+00 0.00e+00 -- 0.00e+00 0.00e+00 0.00e+00
1 1004 605 0.00e+00 0.00e+00 0.00e+00 -- 0.00e+00 0.00e+00 0.00e+00 -- 0.00e+00 0.00e+00 0.00e+00 -- 0.00e+00 0.00e+00 0.00e+00
1 1004 606 0.00e+00 0.00e+00 0.00e+00 -- 0.00e+00 0.00e+00 0.00e+00 -- 0.00e+00 0.00e+00 0.00e+00 -- 0.00e+00 0.00e+00 0.00e+00
1 1004 607 0.00e+00 0.00e+00 0.00e+00 -- 0.00e+00 0.00e+00 0.00e+00 -- 0.00e+00 0.00e+00 0.00e+00 -- 0.00e+00 0.00e+00 0.00e+00
1 1004 608 0.00e+00 0.00e+00 0.00e+00 -- 0.00e+00 0.00e+00 0.00e+00 -- 0.00e+00 0.00e+00 0.00e+00 -- 0.00e+00 0.00e+00 0.00e+00
1 1004 609 0.00e+00 0.00e+00 0.00e+00 -- 0.00e+00 0.00e+00 0.00e+00 -- 0.00e+00 0.00e+00 0.00e+00 -- 0.00e+00 0.00e+00 0.00e+00
1 1004 610 0.00e+00 0.00e+00 0.00e+00 -- 0.00e+00 0.00e+00 0.00e+00 -- 0.00e+00 0.00e+00 0.00e+00 -- 0.00e+00 0.00e+00 0.00e+00
1 1004 611 0.00e+00 0.00e+00 0.00e+00 -- 0.00e+00 0.00e+00 0.00e+00 -- 0.00e+00 0.00e+00 0.00e+00 -- 0.00e+00 0.00e+00 0.00e+00
1 1004 612 0.00e+00 0.00e+00 0.00e+00 -- 0.00e+00 0.00e+00 0.00e+00 -- 0.00e+00 0.00e+00 0.00e+00 -- 0.00e+00 0.00e+00 0.00e+00
1 1004 613 0.00e+00 0.00e+00 0.00e+00 -- 0.00e+00 0.00e+00 0.00e+00 -- 0.00e+00 0.00e+00 0.00e+00 -- 0.00e+00 0.00e+00 0.00e+00
1 1004 614 0.00e+00 0.00e+00 0.00e+00 -- 0.00e+00 0.00e+00 0.00e+00 -- 0.00e+00 0.00e+00 0.00e+00 -- 0.00e+00 0.00e+00 0.00e+00
1 1004 615 0.00e+00 0.00e+00 0.00e+00 -- 0.00e+00 0.00e+00 0.00e+00 -- 0.00e+00 0.00e+00 0.00e+00 -- 0.00e+00 0.00e+00 0.00e+00
1 1004 616 0.00e+00 0.00e+00 0.00e+00 -- 0.00e+00 0.00e+00 0.00e+00 -- 0.00e+00 0.00e+00 0.00e+00 -- 0.00e+00 0.00e+00 0.00e+00
1 1004 617 0.00e+00 0.00e+00 0.00e+00 -- 0.00e+00 0.00e+00 0.00e+00 -- 0.00e+00 0.00e+00 0.00e+00 -- 0.00e+00 0.00e+00 0.00e+00
1 1004 618 0.00e+00 0.00e+00 0.00e+00 -- 0.00e+00 0.00e+00 0.00e+00 -- 0.00e+00 0.00e+00 0.00e+00 -- 0.00e+00 0.00e+00 0.00e+00
1 1004 619 0.00e+00 0.00e+00 0.00e+00 -- 0.00e+00 0.00e+00 0.00e+00 -- 0.00e+00 0.00e+00 0.00e+00 -- 0.00e+00 0.00e+00 0.00e+00
1 1004 620 0.00e+00 0.00e+00 0.00e+00 -- 0.00e+00 0.00e+00 0.00e+00 -- 0.00e+00 0.00e+00 0.00e+00 -- 0.00e+00 0.00e+00 0.00e+00
1 1004 621 0.00e+00 0.00e+00 0.00e+00 -- 0.00e+00 0.00e+00 0.00e+00 -- 0.00e+00 0.00e+00 0.00e+00 -- 0.00e+00 0.00e+00 0.00e+00
1 1004 622 0.00e+00 0.00e+00 0.00e+00 -- 0.00e+00 0.00e+00 0.00e+00 -- 0.00e+00 0.00e+00 0.00e+00 -- 0.00e+00 0.00e+00 0.00e+00
1 1004 623 0.00e+00 0.00e+00 0.00e+00 -- 0.00e+00 0.00e+00 0.00e+00 -- 0.00e+00 0.00e+00 0.00e+00 -- 0.00e+00 0.00e+00 0.00e+00
1 1004 624 0.00e+00 0.00e+00 0.00e+00 -- 0.00e+00 0.00e+00 0.00e+00 -- 0.00e+00 0.00e+00 0.00e+00 -- 0.00e+00 0.00e+00 0.00e+00
1 1004 625 0.00e+00 0.00e+00 0.00e+00 -- 0.00e+00 0.00e+00 0.00e+00 -- 0.00e+00 0.00e+00 0.00e+00 -- 0.00e+00 0.00e+00 0.00e+00
1 1004 626 0.00e+00 0.00e+00 0.00e+00 -- 0.00e+00 0.00e+00 0.00e+00 -- 0.00e+00 0.00e+00 0.00e+00 -- 0.00e+00 0.00e+00 0.00e+00
1 1004 627 0.00e+00 0.00e+00 0.00e+00 -- 0.00e+00 0.00e+00 0.00e+00 -- 0.00e+00 0.00e+00 0.00e+00 -- 0.00e+00 0.00e+00 0.00e+00
1 1004 628 0.00e+00 0.00e+00 0.00e+00 -- 0.00e+00 0.00e+00 0.00e+00 -- 0.00e+00 0.00e+00 0.00e+00 -- 0.00e+00 0.00e+00 0.00e+00
1 1004 629 0.00e+00 0.00e+00 0.00e+00 -- 0.00e+00 0.00e+00 0.00e+00 -- 0.00e+00 0.00e+00 0.00e+00 -- 0.00e+00 0.00e+00 0.00e+00
1 1004 630 0.00e+00 0.00e+00 0.00e+00 -- 0.00e+00 0.00e+00 0.00e+00 -- 0.00e+00 0.00e+00 0.00e+00 -- 0.00e+00 0.00e+00 0.00e+00
1 1004 631 0.00e+00 0.00e+00 0.00e+00 -- 0.00e+00 0.00e+00 0.00e+00 -- 0.00e+00 0.00e+00 0.00e+00 -- 0.00e+00 0.00e+00 0.00e+00
1 1004 632 0.00e+00 0.00e+00 0.00e+00 -- 0.00e+00 0.00e+00 0.00e+00 -- 0.00e+00 0.00e+00 0.00e+00 -- 0.00e+00 0.00e+00 0.00e+00
1 1004 633 0.00e+00 0.00e+00 0.00e+00 -- 0.00e+00 0.00e+00 0.00e+00 -- 0.00e+00 0.00e+00 0.00e+00 -- 0.00e+00 0.00e+00 0.00e+00
1 1004 634 0.00e+00 0.00e+00 0.00e+00 -- 0.00e+00 0.00e+00 0.00e+00 -- 0.00e+00 0.00e+00 0.00e+00 -- 0.00e+00 0.00e+00 0.00e+00
1 1004 635 0.00e+00 0.00e+00 0.00e+00 -- 0.00e+00 0.00e+00 0.00e+00 -- 0.00e+00 0.00e+00 0.00e+00 -- 0.00e+00 0.00e+00 0.00e+00
1 1004 636 0.00e+00 0.00e+00 0.00e+00 -- 0.00e+00 0.00e+00 0.00e+00 -- 0.00e+00 0.00e+00 0.00e+00 -- 0.00e+00 0.00e+00 0.00e+00
1 1004 637 0.00e+00 0.00e+00 0.00e+00 -- 0.00e+00 0.00e+00 0.00e+00 -- 0.00e+00 0.00e+00 0.00e+00 -- 0.00e+00 0.00e+00 0.00e+00
1 1004 638 0.00e+00 0.00e+00 0.00e+00 -- 0.00e+00 0.00e+00 0.00e+00 -- 0.00e+00 0.00e+00 0.00e+00 -- 0.00e+00 0.00e+00 0.00e+00
1 1004 639 0.00e+00 0.00e+00 0.00e+00 -- 0.00e+00 0.00e+00 0.00e+00 -- 0.00e+00 0.00e+00 0.00e+00 -- 0.00e+00 0.00e+00 0.00e+00
1 1004 640 0.00e+00 0.00e+00 0.00e+00 -- 0.00e+00 0.00e+00 0.00e+00 -- 0.00e+00 0.00e+00 0.00e+00 -- 0.00e+00 0.00e+00 0.00e+00
1 1004 641 0.00e+00 0.00e+00 0.00e+00 -- 0.00e+00 0.00e+00 0.00e+00 -- 0.00e+00 0.00e+00 0.00e+00 -- 0.00e+00 0.00e+00 0.00e+00
1 1004 642 0.00e+00 0.00e+00 0.00e+00 -- 0.00e+00 0.00e+00 0.00e+00 -- 0.00e+00 0.00e+00 0.00e+00 -- 0.00e+00 0.00e+00 0.00e+00
1 1004 643 0.00e+00 0.00e+00 0.00e+00 -- 0.00e+00 0.00e+00 0.00e+00 -- 0.00e+00 0.00e+00 0.00e+00 -- 0.00e+00 0.00e+00 0.00e+00
1 1004 644 0.00e+00 0.00e+00 0.00e+00 -- 0.00e+00 0.00e+00 0.00e+00 -- 0.00e+00 0.00e+00 0.00e+00 -- 0.00e+00 0.00e+00 0.00e+00
1 1004 645 0.00e+00 0.00e+00 0.00e+00 -- 0.00e+00 0.00e+00 0.00e+00 -- 0.00e+00 0.00e+00 0.00e+00 -- 0.00e+00 0.00e+00 0.00e+00
1 1004 646 0.00e+00 0.00e+00 0.00e+00 -- 0.00e+00 0.00e+00 0.00e+00 -- 0.00e+00 0.00e+00 0.00e+00 -- 0.00e+00 0.00e+00 0.00e+00
1 1004 647 0.00e+00 0.00e+00 0.00e+00 -- 0.00e+00 0.00e+00 0.00e+00 -- 0.00e+00 0.00e+00 0.00e+00 -- 0.00e+00 0.00e+00 0.00e+00
1 1004 648 0.00e+00 0.00e+00 0.00e+00 -- 0.00e+00 0.00e+00 0.00e+00 -- 0.00e+00 0.00e+00 0.00e+00 -- 0.00e+00 0.00e+00 0.00e+00
1 1004 649 0.00e+00 0.00e+00 0.00e+00 -- 0.00e+00 0.00e+00 0.00e+00 -- 0.00e+00 0.00e+00 0.00e+00 -- 0.00e+00 0.00e+00 0.00e+00
1 1004 650 0.00e+00 0.00e+00 0.00e+00 -- 0.00e+00 0.00e+00 0.00e+00 -- 0.00e+00 0.00e+00 0.00e+00 -- 0.00e+00 0.00e+00 0.00e+00
1 1004 651 0.00e+00 0.00e+00 0.00e+00 -- 0.00e+00 0.00e+00 0.00e+00 -- 0.00e+00 0.00e+00 0.00e+00 -- 0.00e+00 0.00e+00 0.00e+00
1 1004 652 0.00e+00 0.00e+00 0.00e+00 -- 0.00e+00 0.00e+00 0.00e+00 -- 0.00e+00 0.00e+00 0.00e+00 -- 0.00e+00 0.00e+00 0.00e+00
1 1004 653 0.00e+00 0.00e+00 0.00e+00 -- 0.00e+00 0.00e+00 0.00e+00 -- 0.00e+00 0.00e+00 0.00e+00 -- 0.00e+00 0.00e+00 0.00e+00
1 1004 654 0.00e+00 0.00e+00 0.00e+00 -- 0.00e+00 0.00e+00 0.00e+00 -- 0.00e+00 0.00e+00 0.00e+00 -- 0.00e+00 0.00e+00 0.00e+00
1 1004 655 0.00e+00 0.00e+00 0.00e+00 -- 0.00e+00 0.00e+00 0.00e+00 -- 0.00e+00 0.00e+00 0.00e+00 -- 0.00e+00 0.00e+00 0.00e+00
1 1004 656 0.00e+00 0.00e+00 0.00e+00 -- 0.00e+00 0.00e+00 0.00e+00 -- 0.00e+00 0.00e+00 0.00e+00 -- 0.00e+00 0.00e+00 0.00e+00
1 1004 657 0.00e+00 0.00e+00 0.00e+00 -- 0.00e+00 0.00e+00 0.00e+00 -- 0.00e+00 0.00e+00 0.00e+00 -- 0.00e+00 0.00e+00 0.00e+00
1 1004 658 0.00e+00 0.00e+00 0.00e+00 -- 0.00e+00 0.00e+00 0.00e+00 -- 0.00e+00 0.00e+00 0.00e+00 -- 0.00e+00 0.00e+00 0.00e+00
1 1004 659 0.00e+00 0.00e+00 0.00e+00 -- 0.00e+00 0.00e+00 0.00e+00 -- 0.00e+00 0.00e+00 0.00e+00 -- 0.00e+00 0.00e+00 0.00e+00
1 1004 660 0.00e+00 0.00e+00 0.00e+00 -- 0.00e+00 0.00e+00 0.00e+00 -- 0.00e+00 0.00e+00 0.00e+00 -- 0.00e+00 0.00e+00 0.00e+00
1 1004 661 0.00e+00 0.00e+00 0.00e+00 -- 0.00e+00 0.00e+00 0.00e+00 -- 0.00e+00 0.00e+00 0.00e+00 -- 0.00e+00 0.00e+00 0.00e+00
1 1004 662 0.00e+00 0.00e+00 0.00e+00 -- 0.00e+00 0.00e+00 0.00e+00 -- 0.00e+00 0.00e+00 0.00e+00 -- 0.00e+00 0.00e+00 0.00e+00
1 1004 663 0.00e+00 0.00e+00 0.00e+00 -- 0.00e+00 0.00e+00 0.00e+00 -- 0.00e+00 0.00e+00 0.00e+00 -- 0.00e+00 0.00e+00 0.00e+00
1 1004 664 0.00e+00 0.00e+00 0.00e+00 -- 0.00e+00 0.00e+00 0.00e+00 -- 0.00e+00 0.00e+00 0.00e+00 -- 0.00e+00 0.00e+00 0.00e+00
1 1004 665 0.00e+00 0.00e+00 0.00e+00 -- 0.00e+00 0.00e+00 0.00e+00 -- 0.00e+00 0.00e+00 0.00e+00 -- 0.00e+00 0.00e+00 0.00e+00
1 1004 666 0.00e+00 0.00e+00 0.00e+00 -- 0.00e+00 0.00e+00 0.00e+00 -- 0.00e+00 0.00e+00 0.00e+00 -- 0.00e+00 0.00e+00 0.00e+00
1 1004 667 0.00e+00 0.00e+00 0.00e+00 -- 0.00e+00 0.00e+00 0.00e+00 -- 0.00e+00 0.00e+00 0.00e+00 -- 0.00e+00 0.00e+00 0.00e+00
1 1004 668 0.00e+00 0.00e+00 0.00e+00 -- 0.00e+00 0.00e+00 0.00e+00 -- 0.00e+00 0.00e+00 0.00e+00 -- 0.00e+00 0.00e+00 0.00e+00
1 1004 669 0.00e+00 0.00e+00 0.00e+00 -- 0.00e+00 0.00e+00 0.00e+00 -- 0.00e+00 0.00e+00 0.00e+00 -- 0.00e+00 0.00e+00 0.00e+00
1 1004 670 0.00e+00 0.00e+00 0.00e+00 -- 0.00e+00 0.00e+00 0.00e+00 -- 0.00e+00 0.00e+00 0.00e+00 -- 0.00e+00 0.00e+00 0.00e+00
1 1004 671 0.00e+00 0.00e+00 0.00e+00 -- 0.00e+00 0.00e+00 0.00e+00 -- 0.00e+00 0.00e+00 0.00e+00 -- 0.00e+00 0.00e+00 0.00e+00
1 1004 672 0.00e+00 0.00e+00 0.00e+00 -- 0.00e+00 0.00e+00 0.00e+00 -- 0.00e+00 0.00e+00 0.00e+00 -- 0.00e+00 0.00e+00 0.00e+00
1 1004 673 0.00e+00 0.00e+00 0.00e+00 -- 0.00e+00 0.00e+00 0.00e+00 -- 0.00e+00 0.00e+00 0.00e+00 -- 0.00e+00 0.00e+00 0.00e+00
1 1004 674 0.00e+00 0.00e+00 0.00e+00 -- 0.00e+00 0.00e+00 0.00e+00 -- 0.00e+00 0.00e+00 0.00e+00 -- 0.00e+00 0.00e+00 0.00e+00
1 1004 675 0.00e+00 0.00e+00 0.00e+00 -- 0.00e+00 0.00e+00 0.00e+00 -- 0.00e+00 0.00e+00 0.00e+00 -- 0.00e+00 0.00e+00 0.00e+00
1 1004 676 0.00e+00 0.00e+00 0.00e+00 -- 0.00e+00 0.00e+00 0.00e+00 -- 0.00e+00 0.00e+00 0.00e+00 -- 0.00e+00 0.00e+00 0.00e+00
1 1004 677 0.00e+00 0.00e+00 0.00e+00 -- 0.00e+00 0.00e+00 0.00e+00 -- 0.00e+00 0.00e+00 0.00e+00 -- 0.00e+00 0.00e+00 0.00e+00
1 1004 678 0.00e+00 0.00e+00 0.00e+00 -- 0.00e+00 0.00e+00 0.00e+00 -- 0.00e+00 0.00e+00 0.00e+00 -- 0.00e+00 0.00e+00 0.00e+00
1 1004 679 0.00e+00 0.00e+00 0.00e+00 -- 0.00e+00 0.00e+00 0.00e+00 -- 0.00e+00 0.00e+00 0.00e+00 -- 0.00e+00 0.00e+00 0.00e+00
1 1004 680 0.00e+00 0.00e+00 0.00e+00 -- 0.00e+00 0.00e+00 0.00e+00 -- 0.00e+00 0.00e+00 0.00e+00 -- 0.00e+00 0.00e+00 0.00e+00
1 1004 681 0.00e+00 0.00e+00 0.00e+00 -- 0.00e+00 0.00e+00 0.00e+00 -- 0.00e+00 0.00e+00 0.00e+00 -- 0.00e+00 0.00e+00 0.00e+00
1 1004 682 0.00e+00 0.00e+00 0.00e+00 -- 0.00e+00 0.00e+00 0.00e+00 -- 0.00e+00 0.00e+00 0.00e+00 -- 0.00e+00 0.00e+00 0.00e+00
1 1004 683 0.00e+00 0.00e+00 0.00e+00 -- 0.00e+00 0.00e+00 0.00e+00 -- 0.00e+00 0.00e+00 0.00e+00 -- 0.00e+00 0.00e+00 0.00e+00
1 1004 684 0.00e+00 0.00e+00 0.00e+00 -- 0.00e+00 0.00e+00 0.00e+00 -- 0.00e+00 0.00e+00 0.00e+00 -- 0.00e+00 0.00e+00 0.00e+00
1 1004 685 0.00e+00 0.00e+00 0.00e+00 -- 0.00e+00 0.00e+00 0.00e+00 -- 0.00e+00 0.00e+00 0.00e+00 -- 0.00e+00 0.00e+00 0.00e+00
1 1004 686 0.00e+00 0.00e+00 0.00e+00 -- 0.00e+00 0.00e+00 0.00e+00 -- 0.00e+00 0.00e+00 0.00e+00 -- 0.00e+00 0.00e+00 0.00e+00
1 1004 687 0.00e+00 0.00e+00 0.00e+00 -- 0.00e+00 0.00e+00 0.00e+00 -- 0.00e+00 0.00e+00 0.00e+00 -- 0.00e+00 0.00e+00 0.00e+00
1 1004 688 0.00e+00 0.00e+00 0.00e+00 -- 0.00e+00 0.00e+00 0.00e+00 -- 0.00e+00 0.00e+00 0.00e+00 -- 0.00e+00 0.00e+00 0.00e+00
1 1004 689 0.00e+00 0.00e+00 0.00e+00 -- 0.00e+00 0.00e+00 0.00e+00 -- 0.00e+00 0.00e+00 0.00e+00 -- 0.00e+00 0.00e+00 0.00e+00
1 1004 690 0.00e+00 0.00e+00 0.00e+00 -- 0.00e+00 0.00e+00 0.00e+00 -- 0.00e+00 0.00e+00 0.00e+00 -- 0.00e+00 0.00e+00 0.00e+00
1 1004 691 0.00e+00 0.00e+00 0.00e+00 -- 0.00e+00 0.00e+00 0.00e+00 -- 0.00e+00 0.00e+00 0.00e+00 -- 0.00e+00 0.00e+00 0.00e+00
1 1004 692 0.00e+00 0.00e+00 0.00e+00 -- 0.00e+00 0.00e+00 0.00e+00 -- 0.00e+00 0.00e+00 0.00e+00 -- 0.00e+00 0.00e+00 0.00e+00
1 1004 693 0.00e+00 0.00e+00 0.00e+00 -- 0.00e+00 0.00e+00 0.00e+00 -- 0.00e+00 0.00e+00 0.00e+00 -- 0.00e+00 0.00e+00 0.00e+00
1 1004 694 0.00e+00 0.00e+00 0.00e+00 -- 0.00e+00 0.00e+00 0.00e+00 -- 0.00e+00 0.00e+00 0.00e+00 -- 0.00e+00 0.00e+00 0.00e+00
1 1004 695 0.00e+00 0.00e+00 0.00e+00 -- 0.00e+00 0.00e+00 0.00e+00 -- 0.00e+00 0.00e+00 0.00e+00 -- 0.00e+00 0.00e+00 0.00e+00
1 1004 696 0.00e+00 0.00e+00 0.00e+00 -- 0.00e+00 0.00e+00 0.00e+00 -- 0.00e+00 0.00e+00 0.00e+00 -- 0.00e+00 0.00e+00 0.00e+00
1 1004 697 0.00e+00 0.00e+00 0.00e+00 -- 0.00e+00 0.00e+00 0.00e+00 -- 0.00e+00 0.00e+00 0.00e+00 -- 0.00e+00 0.00e+00 0.00e+00
1 1004 698 0.00e+00 0.00e+00 0.00e+00 -- 0.00e+00 0.00e+00 0.00e+00 -- 0.00e+00 0.00e+00 0.00e+00 -- 0.00e+00 0.00e+00 0.00e+00
1 1004 699 0.00e+00 0.00e+00 0.00e+00 -- 0.00e+00 0.00e+00 0.00e+00 -- 0.00e+00 0.00e+00 0.00e+00 -- 0.00e+00 0.00e+00 0.00e+00
1 1004 700 0.00e+00 0.00e+00 0.00e+00 -- 0.00e+00 0.00e+00 0.00e+00 -- 0.00e+00 0.00e+00 0.00e+00 -- 0.00e+00 0.00e+00 0.00e+00
1 1004 701 0.00e+00 0.00e+00 0.00e+00 -- 0.00e+00 0.00e+00 0.00e+00 -- 0.00e+00 0.00e+00 0.00e+00 -- 0.00e+00 0.00e+00 0.00e+00
1 1004 702 0.00e+00 0.00e+00 0.00e+00 -- 0.00e+00 0.00e+00 0.00e+00 -- 0.00e+00 0.00e+00 0.00e+00 -- 0.00e+00 0.00e+00 0.00e+00
1 1004 703 0.00e+00 0.00e+00 0.00e+00 -- 0.00e+00 0.00e+00 0.00e+00 -- 0.00e+00 0.00e+00 0.00e+00 -- 0.00e+00 0.00e+00 0.00e+00
1 1004 704 0.00e+00 0.00e+00 0.00e+00 -- 0.00e+00 0.00e+00 0.00e+00 -- 0.00e+00 0.00e+00 0.00e+00 -- 0.00e+00 0.00e+00 0.00e+00
1 1004 705 0.00e+00 0.00e+00 0.00e+00 -- 0.00e+00 0.00e+00 0.00e+00 -- 0.00e+00 0.00e+00 0.00e+00 -- 0.00e+00 0.00e+00 0.00e+00
1 1004 706 0.00e+00 0.00e+00 0.00e+00 -- 0.00e+00 0.00e+00 0.00e+00 -- 0.00e+00 0.00e+00 0.00e+00 -- 0.00e+00 0.00e+00 0.00e+00
1 1004 707 0.00e+00 0.00e+00 0.00e+00 -- 0.00e+00 0.00e+00 0.00e+00 -- 0.00e+00 0.00e+00 0.00e+00 -- 0.00e+00 0.00e+00 0.00e+00
1 1004 708 0.00e+00 0.00e+00 0.00e+00 -- 0.00e+00 0.00e+00 0.00e+00 -- 0.00e+00 0.00e+00 0.00e+00 -- 0.00e+00 0.00e+00 0.00e+00
1 1004 709 0.00e+00 0.00e+00 0.00e+00 -- 0.00e+00 0.00e+00 0.00e+00 -- 0.00e+00 0.00e+00 0.00e+00 -- 0.00e+00 0.00e+00 0.00e+00
1 1004 710 0.00e+00 0.00e+00 0.00e+00 -- 0.00e+00 0.00e+00 0.00e+00 -- 0.00e+00 0.00e+00 0.00e+00 -- 0.00e+00 0.00e+00 0.00e+00
1 1004 711 0.00e+00 0.00e+00 0.00e+00 -- 0.00e+00 0.00e+00 0.00e+00 -- 0.00e+00 0.00e+00 0.00e+00 -- 0.00e+00 0.00e+00 0.00e+00
1 1004 712 0.00e+00 0.00e+00 0.00e+00 -- 0.00e+00 0.00e+00 0.00e+00 -- 0.00e+00 0.00e+00 0.00e+00 -- 0.00e+00 0.00e+00 0.00e+00
1 1004 713 0.00e+00 0.00e+00 0.00e+00 -- 0.00e+00 0.00e+00 0.00e+00 -- 0.00e+00 0.00e+00 0.00e+00 -- 0.00e+00 0.00e+00 0.00e+00
1 1004 714 0.00e+00 0.00e+00 0.00e+00 -- 0.00e+00 0.00e+00 0.00e+00 -- 0.00e+00 0.00e+00 0.00e+00 -- 0.00e+00 0.00e+00 0.00e+00
1 1004 715 0.00e+00 0.00e+00 0.00e+00 -- 0.00e+00 0.00e+00 0.00e+00 -- 0.00e+00 0.00e+00 0.00e+00 -- 0.00e+00 0.00e+00 0.00e+00
1 1004 716 0.00e+00 0.00e+00 0.00e+00 -- 0.00e+00 0.00e+00 0.00e+00 -- 0.00e+00 0.00e+00 0.00e+00 -- 0.00e+00 0.00e+00 0.00e+00
1 1004 717 0.00e+00 0.00e+00 0.00e+00 -- 0.00e+00 0.00e+00 0.00e+00 -- 0.00e+00 0.00e+00 0.00e+00 -- 0.00e+00 0.00e+00 0.00e+00
1 1004 718 0.00e+00 0.00e+00 0.00e+00 -- 0.00e+00 0.00e+00 0.00e+00 -- 0.00e+00 0.00e+00 0.00e+00 -- 0.00e+00 0.00e+00 0.00e+00
1 1004 719 0.00e+00 0.00e+00 0.00e+00 -- 0.00e+00 0.00e+00 0.00e+00 -- 0.00e+00 0.00e+00 0.00e+00 -- 0.00e+00 0.00e+00 0.00e+00
1 1004 720 0.00e+00 0.00e+00 0.00e+00 -- 0.00e+00 0.00e+00 0.00e+00 -- 0.00e+00 0.00e+00 0.00e+00 -- 0.00e+00 0.00e+00 0.00e+00
1 1004 721 0.00e+00 0.00e+00 0.00e+00 -- 0.00e+00 0.00e+00 0.00e+00 -- 0.00e+00 0.00e+00 0.00e+00 -- 0.00e+00 0.00e+00 0.00e+00
1 1004 722 0.00e+00 0.00e+00 0.00e+00 -- 0.00e+00 0.00e+00 0.00e+00 -- 0.00e+00 0.00e+00 0.00e+00 -- 0.00e+00 0.00e+00 0.00e+00
1 1004 723 0.00e+00 0.00e+00 0.00e+00 -- 0.00e+00 0.00e+00 0.00e+00 -- 0.00e+00 0.00e+00 0.00e+00 -- 0.00e+00 0.00e+00 0.00e+00
1 1004 724 0.00e+00 0.00e+00 0.00e+00 -- 0.00e+00 0.00e+00 0.00e+00 -- 0.00e+00 0.00e+00 0.00e+00 -- 0.00e+00 0.00e+00 0.00e+00
1 1004 725 0.00e+00 0.00e+00 0.00e+00 -- 0.00e+00 0.00e+00 0.00e+00 -- 0.00e+00 0.00e+00 0.00e+00 -- 0.00e+00 0.00e+00 0.00e+00
1 1004 726 0.00e+00 0.00e+00 0.00e+00 -- 0.00e+00 0.00e+00 0.00e+00 -- 0.00e+00 0.00e+00 0.00e+00 -- 0.00e+00 0.00e+00 0.00e+00
1 1004 727 0.00e+00 0.00e+00 0.00e+00 -- 0.00e+00 0.00e+00 0.00e+00 -- 0.00e+00 0.00e+00 0.00e+00 -- 0.00e+00 0.00e+00 0.00e+00
1 1004 728 0.00e+00 0.00e+00 0.00e+00 -- 0.00e+00 0.00e+00 0.00e+00 -- 0.00e+00 0.00e+00 0.00e+00 -- 0.00e+00 0.00e+00 0.00e+00
1 1004 729 0.00e+00 0.00e+00 0.00e+00 -- 0.00e+00 0.00e+00 0.00e+00 -- 0.00e+00 0.00e+00 0.00e+00 -- 0.00e+00 0.00e+00 0.00e+00
1 1004 730 0.00e+00 0.00e+00 0.00e+00 -- 0.00e+00 0.00e+00 0.00e+00 -- 0.00e+00 0.00e+00 0.00e+00 -- 0.00e+00 0.00e+00 0.00e+00
1 1004 731 0.00e+00 0.00e+00 0.00e+00 -- 0.00e+00 0.00e+00 0.00e+00 -- 0.00e+00 0.00e+00 0.00e+00 -- 0.00e+00 0.00e+00 0.00e+00
1 1004 732 0.00e+00 0.00e+00 0.00e+00 -- 0.00e+00 0.00e+00 0.00e+00 -- 0.00e+00 0.00e+00 0.00e+00 -- 0.00e+00 0.00e+00 0.00e+00
1 1004 733 0.00e+00 0.00e+00 0.00e+00 -- 0.00e+00 0.00e+00 0.00e+00 -- 0.00e+00 0.00e+00 0.00e+00 -- 0.00e+00 0.00e+00 0.00e+00
1 1004 734 0.00e+00 0.00e+00 0.00e+00 -- 0.00e+00 0.00e+00 0.00e+00 -- 0.00e+00 0.00e+00 0.00e+00 -- 0.00e+00 0.00e+00 0.00e+00
1 1004 735 0.00e+00 0.00e+00 0.00e+00 -- 0.00e+00 0.00e+00 0.00e+00 -- 0.00e+00 0.00e+00 0.00e+00 -- 0.00e+00 0.00e+00 0.00e+00
1 1004 736 0.00e+00 0.00e+00 0.00e+00 -- 0.00e+00 0.00e+00 0.00e+00 -- 0.00e+00 0.00e+00 0.00e+00 -- 0.00e+00 0.00e+00 0.00e+00
1 1004 737 0.00e+00 0.00e+00 0.00e+00 -- 0.00e+00 0.00e+00 0.00e+00 -- 0.00e+00 0.00e+00 0.00e+00 -- 0.00e+00 0.00e+00 0.00e+00
1 1004 738 0.00e+00 0.00e+00 0.00e+00 -- 0.00e+00 0.00e+00 0.00e+00 -- 0.00e+00 0.00e+00 0.00e+00 -- 0.00e+00 0.00e+00 0.00e+00
1 1004 739 0.00e+00 0.00e+00 0.00e+00 -- 0.00e+00 0.00e+00 0.00e+00 -- 0.00e+00 0.00e+00 0.00e+00 -- 0.00e+00 0.00e+00 0.00e+00
1 1004 740 0.00e+00 0.00e+00 0.00e+00 -- 0.00e+00 0.00e+00 0.00e+00 -- 0.00e+00 0.00e+00 0.00e+00 -- 0.00e+00 0.00e+00 0.00e+00
1 1004 741 0.00e+00 0.00e+00 0.00e+00 -- 0.00e+00 0.00e+00 0.00e+00 -- 0.00e+00 0.00e+00 0.00e+00 -- 0.00e+00 0.00e+00 0.00e+00
1 1004 742 0.00e+00 0.00e+00 0.00e+00 -- 0.00e+00 0.00e+00 0.00e+00 -- 0.00e+00 0.00e+00 0.00e+00 -- 0.00e+00 0.00e+00 0.00e+00
1 1004 743 0.00e+00 0.00e+00 0.00e+00 -- 0.00e+00 0.00e+00 0.00e+00 -- 0.00e+00 0.00e+00 0.00e+00 -- 0.00e+00 0.00e+00 0.00e+00
1 1004 744 0.00e+00 0.00e+00 0.00e+00 -- 0.00e+00 0.00e+00 0.00e+00 -- 0.00e+00 0.00e+00 0.00e+00 -- 0.00e+00 0.00e+00 0.00e+00
1 1004 745 0.00e+00 0.00e+00 0.00e+00 -- 0.00e+00 0.00e+00 0.00e+00 -- 0.00e+00 0.00e+00 0.00e+00 -- 0.00e+00 0.00e+00 0.00e+00
1 1004 746 0.00e+00 0.00e+00 0.00e+00 -- 0.00e+00 0.00e+00 0.00e+00 -- 0.00e+00 0.00e+00 0.00e+00 -- 0.00e+00 0.00e+00 0.00e+00
1 1004 747 0.00e+00 0.00e+00 0.00e+00 -- 0.00e+00 0.00e+00 0.00e+00 -- 0.00e+00 0.00e+00 0.00e+00 -- 0.00e+00 0.00e+00 0.00e+00
1 1004 748 0.00e+00 0.00e+00 0.00e+00 -- 0.00e+00 0.00e+00 0.00e+00 -- 0.00e+00 0.00e+00 0.00e+00 -- 0.00e+00 0.00e+00 0.00e+00
1 1004 749 0.00e+00 0.00e+00 0.00e+00 -- 0.00e+00 0.00e+00 0.00e+00 -- 0.00e+00 0.00e+00 0.00e+00 -- 0.00e+00 0.00e+00 0.00e+00
1 1004 750 0.00e+00 0.00e+00 0.00e+00 -- 0.00e+00 0.00e+00 0.00e+00 -- 0.00e+00 0.00e+00 0.00e+00 -- 0.00e+00 0.00e+00 0.00e+00
1 1004 751 0.00e+00 0.00e+00 0.00e+00 -- 0.00e+00 0.00e+00 0.00e+00 -- 0.00e+00 0.00e+00 0.00e+00 -- 0.00e+00 0.00e+00 0.00e+00
1 1004 752 0.00e+00 0.00e+00 0.00e+00 -- 0.00e+00 0.00e+00 0.00e+00 -- 0.00e+00 0.00e+00 0.00e+00 -- 0.00e+00 0.00e+00 0.00e+00
1 1004 753 0.00e+00 0.00e+00 0.00e+00 -- 0.00e+00 0.00e+00 0.00e+00 -- 0.00e+00 0.00e+00 0.00e+00 -- 0.00e+00 0.00e+00 0.00e+00
1 1004 754 0.00e+00 0.00e+00 0.00e+00 -- 0.00e+00 0.00e+00 0.00e+00 -- 0.00e+00 0.00e+00 0.00e+00 -- 0.00e+00 0.00e+00 0.00e+00
1 1004 755 0.00e+00 0.00e+00 0.00e+00 -- 0.00e+00 0.00e+00 0.00e+00 -- 0.00e+00 0.00e+00 0.00e+00 -- 0.00e+00 0.00e+00 0.00e+00
1 1004 756 0.00e+00 0.00e+00 0.00e+00 -- 0.00e+00 0.00e+00 0.00e+00 -- 0.00e+00 0.00e+00 0.00e+00 -- 0.00e+00 0.00e+00 0.00e+00
1 1004 757 0.00e+00 0.00e+00 0.00e+00 -- 0.00e+00 0.00e+00 0.00e+00 -- 0.00e+00 0.00e+00 0.00e+00 -- 0.00e+00 0.00e+00 0.00e+00
1 1004 758 0.00e+00 0.00e+00 0.00e+00 -- 0.00e+00 0.00e+00 0.00e+00 -- 0.00e+00 0.00e+00 0.00e+00 -- 0.00e+00 0.00e+00 0.00e+00
1 1004 759 0.00e+00 0.00e+00 0.00e+00 -- 0.00e+00 0.00e+00 0.00e+00 -- 0.00e+00 0.00e+00 0.00e+00 -- 0.00e+00 0.00e+00 0.00e+00
1 1004 760 0.00e+00 0.00e+00 0.00e+00 -- 0.00e+00 0.00e+00 0.00e+00 -- 0.00e+00 0.00e+00 0.00e+00 -- 0.00e+00 0.00e+00 0.00e+00
1 1004 761 0.00e+00 0.00e+00 0.00e+00 -- 0.00e+00 0.00e+00 0.00e+00 -- 0.00e+00 0.00e+00 0.00e+00 -- 0.00e+00 0.00e+00 0.00e+00
1 1004 762 0.00e+00 0.00e+00 0.00e+00 -- 0.00e+00 0.00e+00 0.00e+00 -- 0.00e+00 0.00e+00 0.00e+00 -- 0.00e+00 0.00e+00 0.00e+00
1 1004 763 0.00e+00 0.00e+00 0.00e+00 -- 0.00e+00 0.00e+00 0.00e+00 -- 0.00e+00 0.00e+00 0.00e+00 -- 0.00e+00 0.00e+00 0.00e+00
1 1004 764 0.00e+00 0.00e+00 0.00e+00 -- 0.00e+00 0.00e+00 0.00e+00 -- 0.00e+00 0.00e+00 0.00e+00 -- 0.00e+00 0.00e+00 0.00e+00
1 1004 765 0.00e+00 0.00e+00 0.00e+00 -- 0.00e+00 0.00e+00 0.00e+00 -- 0.00e+00 0.00e+00 0.00e+00 -- 0.00e+00 0.00e+00 0.00e+00
1 1004 766 0.00e+00 0.00e+00 0.00e+00 -- 0.00e+00 0.00e+00 0.00e+00 -- 0.00e+00 0.00e+00 0.00e+00 -- 0.00e+00 0.00e+00 0.00e+00
1 1004 767 0.00e+00 0.00e+00 0.00e+00 -- 0.00e+00 0.00e+00 0.00e+00 -- 0.00e+00 0.00e+00 0.00e+00 -- 0.00e+00 0.00e+00 0.00e+00
1 1004 768 0.00e+00 0.00e+00 0.00e+00 -- 0.00e+00 0.00e+00 0.00e+00 -- 0.00e+00 0.00e+00 0.00e+00 -- 0.00e+00 0.00e+00 0.00e+00
1 1004 769 0.00e+00 0.00e+00 0.00e+00 -- 0.00e+00 0.00e+00 0.00e+00 -- 0.00e+00 0.00e+00 0.00e+00 -- 0.00e+00 0.00e+00 0.00e+00
1 1004 770 0.00e+00 0.00e+00 0.00e+00 -- 0.00e+00 0.00e+00 0.00e+00 -- 0.00e+00 0.00e+00 0.00e+00 -- 0.00e+00 0.00e+00 0.00e+00
1 1004 771 0.00e+00 0.00e+00 0.00e+00 -- 0.00e+00 0.00e+00 0.00e+00 -- 0.00e+00 0.00e+00 0.00e+00 -- 0.00e+00 0.00e+00 0.00e+00
1 1004 772 0.00e+00 0.00e+00 0.00e+00 -- 0.00e+00 0.00e+00 0.00e+00 -- 0.00e+00 0.00e+00 0.00e+00 -- 0.00e+00 0.00e+00 0.00e+00
1 1004 773 0.00e+00 0.00e+00 0.00e+00 -- 0.00e+00 0.00e+00 0.00e+00 -- 0.00e+00 0.00e+00 0.00e+00 -- 0.00e+00 0.00e+00 0.00e+00
1 1004 774 0.00e+00 0.00e+00 0.00e+00 -- 0.00e+00 0.00e+00 0.00e+00 -- 0.00e+00 0.00e+00 0.00e+00 -- 0.00e+00 0.00e+00 0.00e+00
1 1004 775 0.00e+00 0.00e+00 0.00e+00 -- 0.00e+00 0.00e+00 0.00e+00 -- 0.00e+00 0.00e+00 0.00e+00 -- 0.00e+00 0.00e+00 0.00e+00
1 1004 776 0.00e+00 0.00e+00 0.00e+00 -- 0.00e+00 0.00e+00 0.00e+00 -- 0.00e+00 0.00e+00 0.00e+00 -- 0.00e+00 0.00e+00 0.00e+00
1 1004 777 0.00e+00 0.00e+00 0.00e+00 -- 0.00e+00 0.00e+00 0.00e+00 -- 0.00e+00 0.00e+00 0.00e+00 -- 0.00e+00 0.00e+00 0.00e+00
1 1004 778 0.00e+00 0.00e+00 0.00e+00 -- 0.00e+00 0.00e+00 0.00e+00 -- 0.00e+00 0.00e+00 0.00e+00 -- 0.00e+00 0.00e+00 0.00e+00
1 1004 779 0.00e+00 0.00e+00 0.00e+00 -- 0.00e+00 0.00e+00 0.00e+00 -- 0.00e+00 0.00e+00 0.00e+00 -- 0.00e+00 0.00e+00 0.00e+00
1 1004 780 0.00e+00 0.00e+00 0.00e+00 -- 0.00e+00 0.00e+00 0.00e+00 -- 0.00e+00 0.00e+00 0.00e+00 -- 0.00e+00 0.00e+00 0.00e+00
1 1004 781 0.00e+00 0.00e+00 0.00e+00 -- 0.00e+00 0.00e+00 0.00e+00 -- 0.00e+00 0.00e+00 0.00e+00 -- 0.00e+00 0.00e+00 0.00e+00
1 1004 782 0.00e+00 0.00e+00 0.00e+00 -- 0.00e+00 0.00e+00 0.00e+00 -- 0.00e+00 0.00e+00 0.00e+00 -- 0.00e+00 0.00e+00 0.00e+00
1 1004 783 0.00e+00 0.00e+00 0.00e+00 -- 0.00e+00 0.00e+00 0.00e+00 -- 0.00e+00 0.00e+00 0.00e+00 -- 0.00e+00 0.00e+00 0.00e+00
1 1004 784 0.00e+00 0.00e+00 0.00e+00 -- 0.00e+00 0.00e+00 0.00e+00 -- 0.00e+00 0.00e+00 0.00e+00 -- 0.00e+00 0.00e+00 0.00e+00
1 1004 785 0.00e+00 0.00e+00 0.00e+00 -- 0.00e+00 0.00e+00 0.00e+00 -- 0.00e+00 0.00e+00 0.00e+00 -- 0.00e+00 0.00e+00 0.00e+00
1 1004 786 0.00e+00 0.00e+00 0.00e+00 -- 0.00e+00 0.00e+00 0.00e+00 -- 0.00e+00 0.00e+00 0.00e+00 -- 0.00e+00 0.00e+00 0.00e+00
1 1004 787 0.00e+00 0.00e+00 0.00e+00 -- 0.00e+00 0.00e+00 0.00e+00 -- 0.00e+00 0.00e+00 0.00e+00 -- 0.00e+00 0.00e+00 0.00e+00
1 1004 788 0.00e+00 0.00e+00 0.00e+00 -- 0.00e+00 0.00e+00 0.00e+00 -- 0.00e+00 0.00e+00 0.00e+00 -- 0.00e+00 0.00e+00 0.00e+00
1 1004 789 0.00e+00 0.00e+00 0.00e+00 -- 0.00e+00 0.00e+00 0.00e+00 -- 0.00e+00 0.00e+00 0.00e+00 -- 0.00e+00 0.00e+00 0.00e+00
1 1004 790 0.00e+00 0.00e+00 0.00e+00 -- 0.00e+00 0.00e+00 0.00e+00 -- 0.00e+00 0.00e+00 0.00e+00 -- 0.00e+00 0.00e+00 0.00e+00
1 1004 791 0.00e+00 0.00e+00 0.00e+00 -- 0.00e+00 0.00e+00 0.00e+00 -- 0.00e+00 0.00e+00 0.00e+00 -- 0.00e+00 0.00e+00 0.00e+00
1 1004 792 0.00e+00 0.00e+00 0.00e+00 -- 0.00e+00 0.00e+00 0.00e+00 -- 0.00e+00 0.00e+00 0.00e+00 -- 0.00e+00 0.00e+00 0.00e+00
1 1004 793 0.00e+00 0.00e+00 0.00e+00 -- 0.00e+00 0.00e+00 0.00e+00 -- 0.00e+00 0.00e+00 0.00e+00 -- 0.00e+00 0.00e+00 0.00e+00
1 1004 794 0.00e+00 0.00e+00 0.00e+00 -- 0.00e+00 0.00e+00 0.00e+00 -- 0.00e+00 0.00e+00 0.00e+00 -- 0.00e+00 0.00e+00 0.00e+00
1 1004 795 0.00e+00 0.00e+00 0.00e+00 -- 0.00e+00 0.00e+00 0.00e+00 -- 0.00e+00 0.00e+00 0.00e+00 -- 0.00e+00 0.00e+00 0.00e+00
1 1004 796 0.00e+00 0.00e+00 0.00e+00 -- 0.00e+00 0.00e+00 0.00e+00 -- 0.00e+00 0.00e+00 0.00e+00 -- 0.00e+00 0.00e+00 0.00e+00
1 1004 797 0.00e+00 0.00e+00 0.00e+00 -- 0.00e+00 0.00e+00 0.00e+00 -- 0.00e+00 0.00e+00 0.00e+00 -- 0.00e+00 0.00e+00 0.00e+00
1 1004 798 0.00e+00 0.00e+00 0.00e+00 -- 0.00e+00 0.00e+00 0.00e+00 -- 0.00e+00 0.00e+00 0.00e+00 -- 0.00e+00 0.00e+00 0.00e+00
1 1004 799 0.00e+00 0.00e+00 0.00e+00 -- 0.00e+00 0.00e+00 0.00e+00 -- 0.00e+00 0.00e+00 0.00e+00 -- 0.00e+00 0.00e+00 0.00e+00
1 1004 800 0.00e+00 0.00e+00 0.00e+00 -- 0.00e+00 0.00e+00 0.00e+00 -- 0.00e+00 0.00e+00 0.00e+00 -- 0.00e+00 0.00e+00 0.00e+00
1 1004 801 0.00e+00 0.00e+00 0.00e+00 -- 0.00e+00 0.00e+00 0.00e+00 -- 0.00e+00 0.00e+00 0.00e+00 -- 0.00e+00 0.00e+00 0.00e+00
1 1004 802 0.00e+00 0.00e+00 0.00e+00 -- 0.00e+00 0.00e+00 0.00e+00 -- 0.00e+00 0.00e+00 0.00e+00 -- 0.00e+00 0.00e+00 0.00e+00
1 1004 803 0.00e+00 0.00e+00 0.00e+00 -- 0.00e+00 0.00e+00 0.00e+00 -- 0.00e+00 0.00e+00 0.00e+00 -- 0.00e+00 0.00e+00 0.00e+00
1 1004 804 0.00e+00 0.00e+00 0.00e+00 -- 0.00e+00 0.00e+00 0.00e+00 -- 0.00e+00 0.00e+00 0.00e+00 -- 0.00e+00 0.00e+00 0.00e+00
1 1004 805 0.00e+00 0.00e+00 0.00e+00 -- 0.00e+00 0.00e+00 0.00e+00 -- 0.00e+00 0.00e+00 0.00e+00 -- 0.00e+00 0.00e+00 0.00e+00
1 1004 806 0.00e+00 0.00e+00 0.00e+00 -- 0.00e+00 0.00e+00 0.00e+00 -- 0.00e+00 0.00e+00 0.00e+00 -- 0.00e+00 0.00e+00 0.00e+00
1 1004 807 0.00e+00 0.00e+00 0.00e+00 -- 0.00e+00 0.00e+00 0.00e+00 -- 0.00e+00 0.00e+00 0.00e+00 -- 0.00e+00 0.00e+00 0.00e+00
1 1004 808 0.00e+00 0.00e+00 0.00e+00 -- 0.00e+00 0.00e+00 0.00e+00 -- 0.00e+00 0.00e+00 0.00e+00 -- 0.00e+00 0.00e+00 0.00e+00
1 1004 809 0.00e+00 0.00e+00 0.00e+00 -- 0.00e+00 0.00e+00 0.00e+00 -- 0.00e+00 0.00e+00 0.00e+00 -- 0.00e+00 0.00e+00 0.00e+00
1 1004 810 0.00e+00 0.00e+00 0.00e+00 -- 0.00e+00 0.00e+00 0.00e+00 -- 0.00e+00 0.00e+00 0.00e+00 -- 0.00e+00 0.00e+00 0.00e+00
1 1004 811 0.00e+00 0.00e+00 0.00e+00 -- 0.00e+00 0.00e+00 0.00e+00 -- 0.00e+00 0.00e+00 0.00e+00 -- 0.00e+00 0.00e+00 0.00e+00
1 1004 812 0.00e+00 0.00e+00 0.00e+00 -- 0.00e+00 0.00e+00 0.00e+00 -- 0.00e+00 0.00e+00 0.00e+00 -- 0.00e+00 0.00e+00 0.00e+00
1 1004 813 0.00e+00 0.00e+00 0.00e+00 -- 0.00e+00 0.00e+00 0.00e+00 -- 0.00e+00 0.00e+00 0.00e+00 -- 0.00e+00 0.00e+00 0.00e+00
1 1004 814 0.00e+00 0.00e+00 0.00e+00 -- 0.00e+00 0.00e+00 0.00e+00 -- 0.00e+00 0.00e+00 0.00e+00 -- 0.00e+00 0.00e+00 0.00e+00
1 1004 815 0.00e+00 0.00e+00 0.00e+00 -- 0.00e+00 0.00e+00 0.00e+00 -- 0.00e+00 0.00e+00 0.00e+00 -- 0.00e+00 0.00e+00 0.00e+00
1 1004 816 0.00e+00 0.00e+00 0.00e+00 -- 0.00e+00 0.00e+00 0.00e+00 -- 0.00e+00 0.00e+00 0.00e+00 -- 0.00e+00 0.00e+00 0.00e+00
1 1004 817 0.00e+00 0.00e+00 0.00e+00 -- 0.00e+00 0.00e+00 0.00e+00 -- 0.00e+00 0.00e+00 0.00e+00 -- 0.00e+00 0.00e+00 0.00e+00
1 1004 818 0.00e+00 0.00e+00 0.00e+00 -- 0.00e+00 0.00e+00 0.00e+00 -- 0.00e+00 0.00e+00 0.00e+00 -- 0.00e+00 0.00e+00 0.00e+00
1 1004 819 0.00e+00 0.00e+00 0.00e+00 -- 0.00e+00 0.00e+00 0.00e+00 -- 0.00e+00 0.00e+00 0.00e+00 -- 0.00e+00 0.00e+00 0.00e+00
1 1004 820 0.00e+00 0.00e+00 0.00e+00 -- 0.00e+00 0.00e+00 0.00e+00 -- 0.00e+00 0.00e+00 0.00e+00 -- 0.00e+00 0.00e+00 0.00e+00
1 1004 821 0.00e+00 0.00e+00 0.00e+00 -- 0.00e+00 0.00e+00 0.00e+00 -- 0.00e+00 0.00e+00 0.00e+00 -- 0.00e+00 0.00e+00 0.00e+00
1 1004 822 0.00e+00 0.00e+00 0.00e+00 -- 0.00e+00 0.00e+00 0.00e+00 -- 0.00e+00 0.00e+00 0.00e+00 -- 0.00e+00 0.00e+00 0.00e+00
1 1004 823 0.00e+00 0.00e+00 0.00e+00 -- 0.00e+00 0.00e+00 0.00e+00 -- 0.00e+00 0.00e+00 0.00e+00 -- 0.00e+00 0.00e+00 0.00e+00
1 1004 824 0.00e+00 0.00e+00 0.00e+00 -- 0.00e+00 0.00e+00 0.00e+00 -- 0.00e+00 0.00e+00 0.00e+00 -- 0.00e+00 0.00e+00 0.00e+00
1 1004 825 0.00e+00 0.00e+00 0.00e+00 -- 0.00e+00 0.00e+00 0.00e+00 -- 0.00e+00 0.00e+00 0.00e+00 -- 0.00e+00 0.00e+00 0.00e+00
1 1004 826 0.00e+00 0.00e+00 0.00e+00 -- 0.00e+00 0.00e+00 0.00e+00 -- 0.00e+00 0.00e+00 0.00e+00 -- 0.00e+00 0.00e+00 0.00e+00
1 1004 827 0.00e+00 0.00e+00 0.00e+00 -- 0.00e+00 0.00e+00 0.00e+00 -- 0.00e+00 0.00e+00 0.00e+00 -- 0.00e+00 0.00e+00 0.00e+00
1 1004 828 0.00e+00 0.00e+00 0.00e+00 -- 0.00e+00 0.00e+00 0.00e+00 -- 0.00e+00 0.00e+00 0.00e+00 -- 0.00e+00 0.00e+00 0.00e+00
1 1004 829 0.00e+00 0.00e+00 0.00e+00 -- 0.00e+00 0.00e+00 0.00e+00 -- 0.00e+00 0.00e+00 0.00e+00 -- 0.00e+00 0.00e+00 0.00e+00
1 1004 830 0.00e+00 0.00e+00 0.00e+00 -- 0.00e+00 0.00e+00 0.00e+00 -- 0.00e+00 0.00e+00 0.00e+00 -- 0.00e+00 0.00e+00 0.00e+00
1 1004 831 0.00e+00 0.00e+00 0.00e+00 -- 0.00e+00 0.00e+00 0.00e+00 -- 0.00e+00 0.00e+00 0.00e+00 -- 0.00e+00 0.00e+00 0.00e+00
1 1004 832 0.00e+00 0.00e+00 0.00e+00 -- 0.00e+00 0.00e+00 0.00e+00 -- 0.00e+00 0.00e+00 0.00e+00 -- 0.00e+00 0.00e+00 0.00e+00
1 1004 833 0.00e+00 0.00e+00 0.00e+00 -- 0.00e+00 0.00e+00 0.00e+00 -- 0.00e+00 0.00e+00 0.00e+00 -- 0.00e+00 0.00e+00 0.00e+00
1 1004 834 0.00e+00 0.00e+00 0.00e+00 -- 0.00e+00 0.00e+00 0.00e+00 -- 0.00e+00 0.00e+00 0.00e+00 -- 0.00e+00 0.00e+00 0.00e+00
1 1004 835 0.00e+00 0.00e+00 0.00e+00 -- 0.00e+00 0.00e+00 0.00e+00 -- 0.00e+00 0.00e+00 0.00e+00 -- 0.00e+00 0.00e+00 0.00e+00
1 1004 836 0.00e+00 0.00e+00 0.00e+00 -- 0.00e+00 0.00e+00 0.00e+00 -- 0.00e+00 0.00e+00 0.00e+00 -- 0.00e+00 0.00e+00 0.00e+00
1 1004 837 0.00e+00 0.00e+00 0.00e+00 -- 0.00e+00 0.00e+00 0.00e+00 -- 0.00e+00 0.00e+00 0.00e+00 -- 0.00e+00 0.00e+00 0.00e+00
1 1004 838 0.00e+00 0.00e+00 0.00e+00 -- 0.00e+00 0.00e+00 0.00e+00 -- 0.00e+00 0.00e+00 0.00e+00 -- 0.00e+00 0.00e+00 0.00e+00
1 1004 839 0.00e+00 0.00e+00 0.00e+00 -- 0.00e+00 0.00e+00 0.00e+00 -- 0.00e+00 0.00e+00 0.00e+00 -- 0.00e+00 0.00e+00 0.00e+00
1 1004 840 0.00e+00 0.00e+00 0.00e+00 -- 0.00e+00 0.00e+00 0.00e+00 -- 0.00e+00 0.00e+00 0.00e+00 -- 0.00e+00 0.00e+00 0.00e+00
1 1004 841 0.00e+00 0.00e+00 0.00e+00 -- 0.00e+00 0.00e+00 0.00e+00 -- 0.00e+00 0.00e+00 0.00e+00 -- 0.00e+00 0.00e+00 0.00e+00
1 1004 842 0.00e+00 0.00e+00 0.00e+00 -- 0.00e+00 0.00e+00 0.00e+00 -- 0.00e+00 0.00e+00 0.00e+00 -- 0.00e+00 0.00e+00 0.00e+00
1 1004 843 0.00e+00 0.00e+00 0.00e+00 -- 0.00e+00 0.00e+00 0.00e+00 -- 0.00e+00 0.00e+00 0.00e+00 -- 0.00e+00 0.00e+00 0.00e+00
1 1004 844 0.00e+00 0.00e+00 0.00e+00 -- 0.00e+00 0.00e+00 0.00e+00 -- 0.00e+00 0.00e+00 0.00e+00 -- 0.00e+00 0.00e+00 0.00e+00
1 1004 845 0.00e+00 0.00e+00 0.00e+00 -- 0.00e+00 0.00e+00 0.00e+00 -- 0.00e+00 0.00e+00 0.00e+00 -- 0.00e+00 0.00e+00 0.00e+00
1 1004 846 0.00e+00 0.00e+00 0.00e+00 -- 0.00e+00 0.00e+00 0.00e+00 -- 0.00e+00 0.00e+00 0.00e+00 -- 0.00e+00 0.00e+00 0.00e+00
1 1004 847 0.00e+00 0.00e+00 0.00e+00 -- 0.00e+00 0.00e+00 0.00e+00 -- 0.00e+00 0.00e+00 0.00e+00 -- 0.00e+00 0.00e+00 0.00e+00
1 1004 848 0.00e+00 0.00e+00 0.00e+00 -- 0.00e+00 0.00e+00 0.00e+00 -- 0.00e+00 0.00e+00 0.00e+00 -- 0.00e+00 0.00e+00 0.00e+00
1 1004 849 0.00e+00 0.00e+00 0.00e+00 -- 0.00e+00 0.00e+00 0.00e+00 -- 0.00e+00 0.00e+00 0.00e+00 -- 0.00e+00 0.00e+00 0.00e+00
1 1004 850 0.00e+00 0.00e+00 0.00e+00 -- 0.00e+00 0.00e+00 0.00e+00 -- 0.00e+00 0.00e+00 0.00e+00 -- 0.00e+00 0.00e+00 0.00e+00
1 1004 851 0.00e+00 0.00e+00 0.00e+00 -- 0.00e+00 0.00e+00 0.00e+00 -- 0.00e+00 0.00e+00 0.00e+00 -- 0.00e+00 0.00e+00 0.00e+00
1 1004 852 0.00e+00 0.00e+00 0.00e+00 -- 0.00e+00 0.00e+00 0.00e+00 -- 0.00e+00 0.00e+00 0.00e+00 -- 0.00e+00 0.00e+00 0.00e+00
1 1004 853 0.00e+00 0.00e+00 0.00e+00 -- 0.00e+00 0.00e+00 0.00e+00 -- 0.00e+00 0.00e+00 0.00e+00 -- 0.00e+00 0.00e+00 0.00e+00
1 1004 854 0.00e+00 0.00e+00 0.00e+00 -- 0.00e+00 0.00e+00 0.00e+00 -- 0.00e+00 0.00e+00 0.00e+00 -- 0.00e+00 0.00e+00 0.00e+00
1 1004 855 0.00e+00 0.00e+00 0.00e+00 -- 0.00e+00 0.00e+00 0.00e+00 -- 0.00e+00 0.00e+00 0.00e+00 -- 0.00e+00 0.00e+00 0.00e+00
1 1004 856 0.00e+00 0.00e+00 0.00e+00 -- 0.00e+00 0.00e+00 0.00e+00 -- 0.00e+00 0.00e+00 0.00e+00 -- 0.00e+00 0.00e+00 0.00e+00
1 1004 857 0.00e+00 0.00e+00 0.00e+00 -- 0.00e+00 0.00e+00 0.00e+00 -- 0.00e+00 0.00e+00 0.00e+00 -- 0.00e+00 0.00e+00 0.00e+00
1 1004 858 0.00e+00 0.00e+00 0.00e+00 -- 0.00e+00 0.00e+00 0.00e+00 -- 0.00e+00 0.00e+00 0.00e+00 -- 0.00e+00 0.00e+00 0.00e+00
1 1004 859 0.00e+00 0.00e+00 0.00e+00 -- 0.00e+00 0.00e+00 0.00e+00 -- 0.00e+00 0.00e+00 0.00e+00 -- 0.00e+00 0.00e+00 0.00e+00
1 1004 860 0.00e+00 0.00e+00 0.00e+00 -- 0.00e+00 0.00e+00 0.00e+00 -- 0.00e+00 0.00e+00 0.00e+00 -- 0.00e+00 0.00e+00 0.00e+00
1 1004 861 0.00e+00 0.00e+00 0.00e+00 -- 0.00e+00 0.00e+00 0.00e+00 -- 0.00e+00 0.00e+00 0.00e+00 -- 0.00e+00 0.00e+00 0.00e+00
1 1004 862 0.00e+00 0.00e+00 0.00e+00 -- 0.00e+00 0.00e+00 0.00e+00 -- 0.00e+00 0.00e+00 0.00e+00 -- 0.00e+00 0.00e+00 0.00e+00
1 1004 863 0.00e+00 0.00e+00 0.00e+00 -- 0.00e+00 0.00e+00 0.00e+00 -- 0.00e+00 0.00e+00 0.00e+00 -- 0.00e+00 0.00e+00 0.00e+00
1 1004 864 0.00e+00 0.00e+00 0.00e+00 -- 0.00e+00 0.00e+00 0.00e+00 -- 0.00e+00 0.00e+00 0.00e+00 -- 0.00e+00 0.00e+00 0.00e+00
1 1004 865 0.00e+00 0.00e+00 0.00e+00 -- 0.00e+00 0.00e+00 0.00e+00 -- 0.00e+00 0.00e+00 0.00e+00 -- 0.00e+00 0.00e+00 0.00e+00
1 1004 866 0.00e+00 0.00e+00 0.00e+00 -- 0.00e+00 0.00e+00 0.00e+00 -- 0.00e+00 0.00e+00 0.00e+00 -- 0.00e+00 0.00e+00 0.00e+00
1 1004 867 0.00e+00 0.00e+00 0.00e+00 -- 0.00e+00 0.00e+00 0.00e+00 -- 0.00e+00 0.00e+00 0.00e+00 -- 0.00e+00 0.00e+00 0.00e+00
1 1004 868 0.00e+00 0.00e+00 0.00e+00 -- 0.00e+00 0.00e+00 0.00e+00 -- 0.00e+00 0.00e+00 0.00e+00 -- 0.00e+00 0.00e+00 0.00e+00
1 1004 869 0.00e+00 0.00e+00 0.00e+00 -- 0.00e+00 0.00e+00 0.00e+00 -- 0.00e+00 0.00e+00 0.00e+00 -- 0.00e+00 0.00e+00 0.00e+00
1 1004 870 0.00e+00 0.00e+00 0.00e+00 -- 0.00e+00 0.00e+00 0.00e+00 -- 0.00e+00 0.00e+00 0.00e+00 -- 0.00e+00 0.00e+00 0.00e+00
1 1004 871 0.00e+00 0.00e+00 0.00e+00 -- 0.00e+00 0.00e+00 0.00e+00 -- 0.00e+00 0.00e+00 0.00e+00 -- 0.00e+00 0.00e+00 0.00e+00
1 1004 872 0.00e+00 0.00e+00 0.00e+00 -- 0.00e+00 0.00e+00 0.00e+00 -- 0.00e+00 0.00e+00 0.00e+00 -- 0.00e+00 0.00e+00 0.00e+00
1 1004 873 0.00e+00 0.00e+00 0.00e+00 -- 0.00e+00 0.00e+00 0.00e+00 -- 0.00e+00 0.00e+00 0.00e+00 -- 0.00e+00 0.00e+00 0.00e+00
1 1004 874 0.00e+00 0.00e+00 0.00e+00 -- 0.00e+00 0.00e+00 0.00e+00 -- 0.00e+00 0.00e+00 0.00e+00 -- 0.00e+00 0.00e+00 0.00e+00
1 1004 875 0.00e+00 0.00e+00 0.00e+00 -- 0.00e+00 0.00e+00 0.00e+00 -- 0.00e+00 0.00e+00 0.00e+00 -- 0.00e+00 0.00e+00 0.00e+00
1 1004 876 0.00e+00 0.00e+00 0.00e+00 -- 0.00e+00 0.00e+00 0.00e+00 -- 0.00e+00 0.00e+00 0.00e+00 -- 0.00e+00 0.00e+00 0.00e+00
1 1004 877 0.00e+00 0.00e+00 0.00e+00 -- 0.00e+00 0.00e+00 0.00e+00 -- 0.00e+00 0.00e+00 0.00e+00 -- 0.00e+00 0.00e+00 0.00e+00
1 1004 878 0.00e+00 0.00e+00 0.00e+00 -- 0.00e+00 0.00e+00 0.00e+00 -- 0.00e+00 0.00e+00 0.00e+00 -- 0.00e+00 0.00e+00 0.00e+00
1 1004 879 0.00e+00 0.00e+00 0.00e+00 -- 0.00e+00 0.00e+00 0.00e+00 -- 0.00e+00 0.00e+00 0.00e+00 -- 0.00e+00 0.00e+00 0.00e+00
1 1004 880 0.00e+00 0.00e+00 0.00e+00 -- 0.00e+00 0.00e+00 0.00e+00 -- 0.00e+00 0.00e+00 0.00e+00 -- 0.00e+00 0.00e+00 0.00e+00
1 1004 881 0.00e+00 0.00e+00 0.00e+00 -- 0.00e+00 0.00e+00 0.00e+00 -- 0.00e+00 0.00e+00 0.00e+00 -- 0.00e+00 0.00e+00 0.00e+00
1 1004 882 0.00e+00 0.00e+00 0.00e+00 -- 0.00e+00 0.00e+00 0.00e+00 -- 0.00e+00 0.00e+00 0.00e+00 -- 0.00e+00 0.00e+00 0.00e+00
1 1004 883 0.00e+00 0.00e+00 0.00e+00 -- 0.00e+00 0.00e+00 0.00e+00 -- 0.00e+00 0.00e+00 0.00e+00 -- 0.00e+00 0.00e+00 0.00e+00
1 1004 884 0.00e+00 0.00e+00 0.00e+00 -- 0.00e+00 0.00e+00 0.00e+00 -- 0.00e+00 0.00e+00 0.00e+00 -- 0.00e+00 0.00e+00 0.00e+00
1 1004 885 0.00e+00 0.00e+00 0.00e+00 -- 0.00e+00 0.00e+00 0.00e+00 -- 0.00e+00 0.00e+00 0.00e+00 -- 0.00e+00 0.00e+00 0.00e+00
1 1004 886 0.00e+00 0.00e+00 0.00e+00 -- 0.00e+00 0.00e+00 0.00e+00 -- 0.00e+00 0.00e+00 0.00e+00 -- 0.00e+00 0.00e+00 0.00e+00
1 1004 887 0.00e+00 0.00e+00 0.00e+00 -- 0.00e+00 0.00e+00 0.00e+00 -- 0.00e+00 0.00e+00 0.00e+00 -- 0.00e+00 0.00e+00 0.00e+00
1 1004 888 0.00e+00 0.00e+00 0.00e+00 -- 0.00e+00 0.00e+00 0.00e+00 -- 0.00e+00 0.00e+00 0.00e+00 -- 0.00e+00 0.00e+00 0.00e+00
1 1004 889 0.00e+00 0.00e+00 0.00e+00 -- 0.00e+00 0.00e+00 0.00e+00 -- 0.00e+00 0.00e+00 0.00e+00 -- 0.00e+00 0.00e+00 0.00e+00
1 1004 890 0.00e+00 0.00e+00 0.00e+00 -- 0.00e+00 0.00e+00 0.00e+00 -- 0.00e+00 0.00e+00 0.00e+00 -- 0.00e+00 0.00e+00 0.00e+00
1 1004 891 0.00e+00 0.00e+00 0.00e+00 -- 0.00e+00 0.00e+00 0.00e+00 -- 0.00e+00 0.00e+00 0.00e+00 -- 0.00e+00 0.00e+00 0.00e+00
1 1004 892 0.00e+00 0.00e+00 0.00e+00 -- 0.00e+00 0.00e+00 0.00e+00 -- 0.00e+00 0.00e+00 0.00e+00 -- 0.00e+00 0.00e+00 0.00e+00
1 1004 893 0.00e+00 0.00e+00 0.00e+00 -- 0.00e+00 0.00e+00 0.00e+00 -- 0.00e+00 0.00e+00 0.00e+00 -- 0.00e+00 0.00e+00 0.00e+00
1 1004 894 0.00e+00 0.00e+00 0.00e+00 -- 0.00e+00 0.00e+00 0.00e+00 -- 0.00e+00 0.00e+00 0.00e+00 -- 0.00e+00 0.00e+00 0.00e+00
1 1004 895 0.00e+00 0.00e+00 0.00e+00 -- 0.00e+00 0.00e+00 0.00e+00 -- 0.00e+00 0.00e+00 0.00e+00 -- 0.00e+00 0.00e+00 0.00e+00
1 1004 896 0.00e+00 0.00e+00 0.00e+00 -- 0.00e+00 0.00e+00 0.00e+00 -- 0.00e+00 0.00e+00 0.00e+00 -- 0.00e+00 0.00e+00 0.00e+00
1 1004 897 0.00e+00 0.00e+00 0.00e+00 -- 0.00e+00 0.00e+00 0.00e+00 -- 0.00e+00 0.00e+00 0.00e+00 -- 0.00e+00 0.00e+00 0.00e+00
1 1004 898 0.00e+00 0.00e+00 0.00e+00 -- 0.00e+00 0.00e+00 0.00e+00 -- 0.00e+00 0.00e+00 0.00e+00 -- 0.00e+00 0.00e+00 0.00e+00
1 1004 899 0.00e+00 0.00e+00 0.00e+00 -- 0.00e+00 0.00e+00 0.00e+00 -- 0.00e+00 0.00e+00 0.00e+00 -- 0.00e+00 0.00e+00 0.00e+00
1 1004 900 0.00e+00 0.00e+00 0.00e+00 -- 0.00e+00 0.00e+00 0.00e+00 -- 0.00e+00 0.00e+00 0.00e+00 -- 0.00e+00 0.00e+00 0.00e+00
1 1004 901 0.00e+00 0.00e+00 0.00e+00 -- 0.00e+00 0.00e+00 0.00e+00 -- 0.00e+00 0.00e+00 0.00e+00 -- 0.00e+00 0.00e+00 0.00e+00
1 1004 902 0.00e+00 0.00e+00 0.00e+00 -- 0.00e+00 0.00e+00 0.00e+00 -- 0.00e+00 0.00e+00 0.00e+00 -- 0.00e+00 0.00e+00 0.00e+00
1 1004 903 0.00e+00 0.00e+00 0.00e+00 -- 0.00e+00 0.00e+00 0.00e+00 -- 0.00e+00 0.00e+00 0.00e+00 -- 0.00e+00 0.00e+00 0.00e+00
1 1004 904 0.00e+00 0.00e+00 0.00e+00 -- 0.00e+00 0.00e+00 0.00e+00 -- 0.00e+00 0.00e+00 0.00e+00 -- 0.00e+00 0.00e+00 0.00e+00
1 1004 905 0.00e+00 0.00e+00 0.00e+00 -- 0.00e+00 0.00e+00 0.00e+00 -- 0.00e+00 0.00e+00 0.00e+00 -- 0.00e+00 0.00e+00 0.00e+00
1 1004 906 0.00e+00 0.00e+00 0.00e+00 -- 0.00e+00 0.00e+00 0.00e+00 -- 0.00e+00 0.00e+00 0.00e+00 -- 0.00e+00 0.00e+00 0.00e+00
1 1004 907 0.00e+00 0.00e+00 0.00e+00 -- 0.00e+00 0.00e+00 0.00e+00 -- 0.00e+00 0.00e+00 0.00e+00 -- 0.00e+00 0.00e+00 0.00e+00
1 1004 908 0.00e+00 0.00e+00 0.00e+00 -- 0.00e+00 0.00e+00 0.00e+00 -- 0.00e+00 0.00e+00 0.00e+00 -- 0.00e+00 0.00e+00 0.00e+00
1 1004 909 0.00e+00 0.00e+00 0.00e+00 -- 0.00e+00 0.00e+00 0.00e+00 -- 0.00e+00 0.00e+00 0.00e+00 -- 0.00e+00 0.00e+00 0.00e+00
1 1004 910 0.00e+00 0.00e+00 0.00e+00 -- 0.00e+00 0.00e+00 0.00e+00 -- 0.00e+00 0.00e+00 0.00e+00 -- 0.00e+00 0.00e+00 0.00e+00
1 1004 911 0.00e+00 0.00e+00 0.00e+00 -- 0.00e+00 0.00e+00 0.00e+00 -- 0.00e+00 0.00e+00 0.00e+00 -- 0.00e+00 0.00e+00 0.00e+00
1 1004 912 0.00e+00 0.00e+00 0.00e+00 -- 0.00e+00 0.00e+00 0.00e+00 -- 0.00e+00 0.00e+00 0.00e+00 -- 0.00e+00 0.00e+00 0.00e+00
1 1004 913 0.00e+00 0.00e+00 0.00e+00 -- 0.00e+00 0.00e+00 0.00e+00 -- 0.00e+00 0.00e+00 0.00e+00 -- 0.00e+00 0.00e+00 0.00e+00
1 1004 914 0.00e+00 0.00e+00 0.00e+00 -- 0.00e+00 0.00e+00 0.00e+00 -- 0.00e+00 0.00e+00 0.00e+00 -- 0.00e+00 0.00e+00 0.00e+00
1 1004 915 0.00e+00 0.00e+00 0.00e+00 -- 0.00e+00 0.00e+00 0.00e+00 -- 0.00e+00 0.00e+00 0.00e+00 -- 0.00e+00 0.00e+00 0.00e+00
1 1004 916 0.00e+00 0.00e+00 0.00e+00 -- 0.00e+00 0.00e+00 0.00e+00 -- 0.00e+00 0.00e+00 0.00e+00 -- 0.00e+00 0.00e+00 0.00e+00
1 1004 917 0.00e+00 0.00e+00 0.00e+00 -- 0.00e+00 0.00e+00 0.00e+00 -- 0.00e+00 0.00e+00 0.00e+00 -- 0.00e+00 0.00e+00 0.00e+00
1 1004 918 0.00e+00 0.00e+00 0.00e+00 -- 0.00e+00 0.00e+00 0.00e+00 -- 0.00e+00 0.00e+00 0.00e+00 -- 0.00e+00 0.00e+00 0.00e+00
1 1004 919 0.00e+00 0.00e+00 0.00e+00 -- 0.00e+00 0.00e+00 0.00e+00 -- 0.00e+00 0.00e+00 0.00e+00 -- 0.00e+00 0.00e+00 0.00e+00
1 1004 920 0.00e+00 0.00e+00 0.00e+00 -- 0.00e+00 0.00e+00 0.00e+00 -- 0.00e+00 0.00e+00 0.00e+00 -- 0.00e+00 0.00e+00 0.00e+00
1 1004 921 0.00e+00 0.00e+00 0.00e+00 -- 0.00e+00 0.00e+00 0.00e+00 -- 0.00e+00 0.00e+00 0.00e+00 -- 0.00e+00 0.00e+00 0.00e+00
1 1004 922 0.00e+00 0.00e+00 0.00e+00 -- 0.00e+00 0.00e+00 0.00e+00 -- 0.00e+00 0.00e+00 0.00e+00 -- 0.00e+00 0.00e+00 0.00e+00
1 1004 923 0.00e+00 0.00e+00 0.00e+00 -- 0.00e+00 0.00e+00 0.00e+00 -- 0.00e+00 0.00e+00 0.00e+00 -- 0.00e+00 0.00e+00 0.00e+00
1 1004 924 0.00e+00 0.00e+00 0.00e+00 -- 0.00e+00 0.00e+00 0.00e+00 -- 0.00e+00 0.00e+00 0.00e+00 -- 0.00e+00 0.00e+00 0.00e+00
1 1004 925 0.00e+00 0.00e+00 0.00e+00 -- 0.00e+00 0.00e+00 0.00e+00 -- 0.00e+00 0.00e+00 0.00e+00 -- 0.00e+00 0.00e+00 0.00e+00
1 1004 926 0.00e+00 0.00e+00 0.00e+00 -- 0.00e+00 0.00e+00 0.00e+00 -- 0.00e+00 0.00e+00 0.00e+00 -- 0.00e+00 0.00e+00 0.00e+00
1 1004 927 0.00e+00 0.00e+00 0.00e+00 -- 0.00e+00 0.00e+00 0.00e+00 -- 0.00e+00 0.00e+00 0.00e+00 -- 0.00e+00 0.00e+00 0.00e+00
1 1004 928 0.00e+00 0.00e+00 0.00e+00 -- 0.00e+00 0.00e+00 0.00e+00 -- 0.00e+00 0.00e+00 0.00e+00 -- 0.00e+00 0.00e+00 0.00e+00
1 1004 929 0.00e+00 0.00e+00 0.00e+00 -- 0.00e+00 0.00e+00 0.00e+00 -- 0.00e+00 0.00e+00 0.00e+00 -- 0.00e+00 0.00e+00 0.00e+00
1 1004 930 0.00e+00 0.00e+00 0.00e+00 -- 0.00e+00 0.00e+00 0.00e+00 -- 0.00e+00 0.00e+00 0.00e+00 -- 0.00e+00 0.00e+00 0.00e+00
1 1004 931 0.00e+00 0.00e+00 0.00e+00 -- 0.00e+00 0.00e+00 0.00e+00 -- 0.00e+00 0.00e+00 0.00e+00 -- 0.00e+00 0.00e+00 0.00e+00
1 1004 932 0.00e+00 0.00e+00 0.00e+00 -- 0.00e+00 0.00e+00 0.00e+00 -- 0.00e+00 0.00e+00 0.00e+00 -- 0.00e+00 0.00e+00 0.00e+00
1 1004 933 0.00e+00 0.00e+00 0.00e+00 -- 0.00e+00 0.00e+00 0.00e+00 -- 0.00e+00 0.00e+00 0.00e+00 -- 0.00e+00 0.00e+00 0.00e+00
1 1004 934 0.00e+00 0.00e+00 0.00e+00 -- 0.00e+00 0.00e+00 0.00e+00 -- 0.00e+00 0.00e+00 0.00e+00 -- 0.00e+00 0.00e+00 0.00e+00
1 1004 935 0.00e+00 0.00e+00 0.00e+00 -- 0.00e+00 0.00e+00 0.00e+00 -- 0.00e+00 0.00e+00 0.00e+00 -- 0.00e+00 0.00e+00 0.00e+00
1 1004 936 0.00e+00 0.00e+00 0.00e+00 -- 0.00e+00 0.00e+00 0.00e+00 -- 0.00e+00 0.00e+00 0.00e+00 -- 0.00e+00 0.00e+00 0.00e+00
1 1004 937 0.00e+00 0.00e+00 0.00e+00 -- 0.00e+00 0.00e+00 0.00e+00 -- 0.00e+00 0.00e+00 0.00e+00 -- 0.00e+00 0.00e+00 0.00e+00
1 1004 938 0.00e+00 0.00e+00 0.00e+00 -- 0.00e+00 0.00e+00 0.00e+00 -- 0.00e+00 0.00e+00 0.00e+00 -- 0.00e+00 0.00e+00 0.00e+00
1 1004 939 0.00e+00 0.00e+00 0.00e+00 -- 0.00e+00 0.00e+00 0.00e+00 -- 0.00e+00 0.00e+00 0.00e+00 -- 0.00e+00 0.00e+00 0.00e+00
1 1004 940 0.00e+00 0.00e+00 0.00e+00 -- 0.00e+00 0.00e+00 0.00e+00 -- 0.00e+00 0.00e+00 0.00e+00 -- 0.00e+00 0.00e+00 0.00e+00
1 1004 941 0.00e+00 0.00e+00 0.00e+00 -- 0.00e+00 0.00e+00 0.00e+00 -- 0.00e+00 0.00e+00 0.00e+00 -- 0.00e+00 0.00e+00 0.00e+00
1 1004 942 0.00e+00 0.00e+00 0.00e+00 -- 0.00e+00 0.00e+00 0.00e+00 -- 0.00e+00 0.00e+00 0.00e+00 -- 0.00e+00 0.00e+00 0.00e+00
1 1004 943 0.00e+00 0.00e+00 0.00e+00 -- 0.00e+00 0.00e+00 0.00e+00 -- 0.00e+00 0.00e+00 0.00e+00 -- 0.00e+00 0.00e+00 0.00e+00
1 1004 944 0.00e+00 0.00e+00 0.00e+00 -- 0.00e+00 0.00e+00 0.00e+00 -- 0.00e+00 0.00e+00 0.00e+00 -- 0.00e+00 0.00e+00 0.00e+00
1 1004 945 0.00e+00 0.00e+00 0.00e+00 -- 0.00e+00 0.00e+00 0.00e+00 -- 0.00e+00 0.00e+00 0.00e+00 -- 0.00e+00 0.00e+00 0.00e+00
1 1004 946 0.00e+00 0.00e+00 0.00e+00 -- 0.00e+00 0.00e+00 0.00e+00 -- 0.00e+00 0.00e+00 0.00e+00 -- 0.00e+00 0.00e+00 0.00e+00
1 1004 947 0.00e+00 0.00e+00 0.00e+00 -- 0.00e+00 0.00e+00 0.00e+00 -- 0.00e+00 0.00e+00 0.00e+00 -- 0.00e+00 0.00e+00 0.00e+00
1 1004 948 0.00e+00 0.00e+00 0.00e+00 -- 0.00e+00 0.00e+00 0.00e+00 -- 0.00e+00 0.00e+00 0.00e+00 -- 0.00e+00 0.00e+00 0.00e+00
1 1004 949 0.00e+00 0.00e+00 0.00e+00 -- 0.00e+00 0.00e+00 0.00e+00 -- 0.00e+00 0.00e+00 0.00e+00 -- 0.00e+00 0.00e+00 0.00e+00
1 1004 950 0.00e+00 0.00e+00 0.00e+00 -- 0.00e+00 0.00e+00 0.00e+00 -- 0.00e+00 0.00e+00 0.00e+00 -- 0.00e+00 0.00e+00 0.00e+00
1 1004 951 0.00e+00 0.00e+00 0.00e+00 -- 0.00e+00 0.00e+00 0.00e+00 -- 0.00e+00 0.00e+00 0.00e+00 -- 0.00e+00 0.00e+00 0.00e+00
1 1004 952 0.00e+00 0.00e+00 0.00e+00 -- 0.00e+00 0.00e+00 0.00e+00 -- 0.00e+00 0.00e+00 0.00e+00 -- 0.00e+00 0.00e+00 0.00e+00
1 1004 953 0.00e+00 0.00e+00 0.00e+00 -- 0.00e+00 0.00e+00 0.00e+00 -- 0.00e+00 0.00e+00 0.00e+00 -- 0.00e+00 0.00e+00 0.00e+00
1 1004 954 0.00e+00 0.00e+00 0.00e+00 -- 0.00e+00 0.00e+00 0.00e+00 -- 0.00e+00 0.00e+00 0.00e+00 -- 0.00e+00 0.00e+00 0.00e+00
1 1004 955 0.00e+00 0.00e+00 0.00e+00 -- 0.00e+00 0.00e+00 0.00e+00 -- 0.00e+00 0.00e+00 0.00e+00 -- 0.00e+00 0.00e+00 0.00e+00
1 1004 956 0.00e+00 0.00e+00 0.00e+00 -- 0.00e+00 0.00e+00 0.00e+00 -- 0.00e+00 0.00e+00 0.00e+00 -- 0.00e+00 0.00e+00 0.00e+00
1 1004 957 0.00e+00 0.00e+00 0.00e+00 -- 0.00e+00 0.00e+00 0.00e+00 -- 0.00e+00 0.00e+00 0.00e+00 -- 0.00e+00 0.00e+00 0.00e+00
1 1004 958 0.00e+00 0.00e+00 0.00e+00 -- 0.00e+00 0.00e+00 0.00e+00 -- 0.00e+00 0.00e+00 0.00e+00 -- 0.00e+00 0.00e+00 0.00e+00
1 1004 959 0.00e+00 0.00e+00 0.00e+00 -- 0.00e+00 0.00e+00 0.00e+00 -- 0.00e+00 0.00e+00 0.00e+00 -- 0.00e+00 0.00e+00 0.00e+00
1 1004 960 0.00e+00 0.00e+00 0.00e+00 -- 0.00e+00 0.00e+00 0.00e+00 -- 0.00e+00 0.00e+00 0.00e+00 -- 0.00e+00 0.00e+00 0.00e+00
1 1004 961 0.00e+00 0.00e+00 0.00e+00 -- 0.00e+00 0.00e+00 0.00e+00 -- 0.00e+00 0.00e+00 0.00e+00 -- 0.00e+00 0.00e+00 0.00e+00
1 1004 962 0.00e+00 0.00e+00 0.00e+00 -- 0.00e+00 0.00e+00 0.00e+00 -- 0.00e+00 0.00e+00 0.00e+00 -- 0.00e+00 0.00e+00 0.00e+00
1 1004 963 0.00e+00 0.00e+00 0.00e+00 -- 0.00e+00 0.00e+00 0.00e+00 -- 0.00e+00 0.00e+00 0.00e+00 -- 0.00e+00 0.00e+00 0.00e+00
1 1004 964 0.00e+00 0.00e+00 0.00e+00 -- 0.00e+00 0.00e+00 0.00e+00 -- 0.00e+00 0.00e+00 0.00e+00 -- 0.00e+00 0.00e+00 0.00e+00
1 1004 965 0.00e+00 0.00e+00 0.00e+00 -- 0.00e+00 0.00e+00 0.00e+00 -- 0.00e+00 0.00e+00 0.00e+00 -- 0.00e+00 0.00e+00 0.00e+00
1 1004 966 0.00e+00 0.00e+00 0.00e+00 -- 0.00e+00 0.00e+00 0.00e+00 -- 0.00e+00 0.00e+00 0.00e+00 -- 0.00e+00 0.00e+00 0.00e+00
1 1004 967 0.00e+00 0.00e+00 0.00e+00 -- 0.00e+00 0.00e+00 0.00e+00 -- 0.00e+00 0.00e+00 0.00e+00 -- 0.00e+00 0.00e+00 0.00e+00
1 1004 968 0.00e+00 0.00e+00 0.00e+00 -- 0.00e+00 0.00e+00 0.00e+00 -- 0.00e+00 0.00e+00 0.00e+00 -- 0.00e+00 0.00e+00 0.00e+00
1 1004 969 0.00e+00 0.00e+00 0.00e+00 -- 0.00e+00 0.00e+00 0.00e+00 -- 0.00e+00 0.00e+00 0.00e+00 -- 0.00e+00 0.00e+00 0.00e+00
1 1004 970 0.00e+00 0.00e+00 0.00e+00 -- 0.00e+00 0.00e+00 0.00e+00 -- 0.00e+00 0.00e+00 0.00e+00 -- 0.00e+00 0.00e+00 0.00e+00
1 1004 971 0.00e+00 0.00e+00 0.00e+00 -- 0.00e+00 0.00e+00 0.00e+00 -- 0.00e+00 0.00e+00 0.00e+00 -- 0.00e+00 0.00e+00 0.00e+00
1 1004 972 0.00e+00 0.00e+00 0.00e+00 -- 0.00e+00 0.00e+00 0.00e+00 -- 0.00e+00 0.00e+00 0.00e+00 -- 0.00e+00 0.00e+00 0.00e+00
1 1004 973 0.00e+00 0.00e+00 0.00e+00 -- 0.00e+00 0.00e+00 0.00e+00 -- 0.00e+00 0.00e+00 0.00e+00 -- 0.00e+00 0.00e+00 0.00e+00
1 1004 974 0.00e+00 0.00e+00 0.00e+00 -- 0.00e+00 0.00e+00 0.00e+00 -- 0.00e+00 0.00e+00 0.00e+00 -- 0.00e+00 0.00e+00 0.00e+00
1 1004 975 0.00e+00 0.00e+00 0.00e+00 -- 0.00e+00 0.00e+00 0.00e+00 -- 0.00e+00 0.00e+00 0.00e+00 -- 0.00e+00 0.00e+00 0.00e+00
1 1004 976 0.00e+00 0.00e+00 0.00e+00 -- 0.00e+00 0.00e+00 0.00e+00 -- 0.00e+00 0.00e+00 0.00e+00 -- 0.00e+00 0.00e+00 0.00e+00
1 1004 977 0.00e+00 0.00e+00 0.00e+00 -- 0.00e+00 0.00e+00 0.00e+00 -- 0.00e+00 0.00e+00 0.00e+00 -- 0.00e+00 0.00e+00 0.00e+00
1 1004 978 0.00e+00 0.00e+00 0.00e+00 -- 0.00e+00 0.00e+00 0.00e+00 -- 0.00e+00 0.00e+00 0.00e+00 -- 0.00e+00 0.00e+00 0.00e+00
1 1004 979 0.00e+00 0.00e+00 0.00e+00 -- 0.00e+00 0.00e+00 0.00e+00 -- 0.00e+00 0.00e+00 0.00e+00 -- 0.00e+00 0.00e+00 0.00e+00
1 1004 980 0.00e+00 0.00e+00 0.00e+00 -- 0.00e+00 0.00e+00 0.00e+00 -- 0.00e+00 0.00e+00 0.00e+00 -- 0.00e+00 0.00e+00 0.00e+00
1 1004 981 0.00e+00 0.00e+00 0.00e+00 -- 0.00e+00 0.00e+00 0.00e+00 -- 0.00e+00 0.00e+00 0.00e+00 -- 0.00e+00 0.00e+00 0.00e+00
1 1004 982 0.00e+00 0.00e+00 0.00e+00 -- 0.00e+00 0.00e+00 0.00e+00 -- 0.00e+00 0.00e+00 0.00e+00 -- 0.00e+00 0.00e+00 0.00e+00
1 1004 983 0.00e+00 0.00e+00 0.00e+00 -- 0.00e+00 0.00e+00 0.00e+00 -- 0.00e+00 0.00e+00 0.00e+00 -- 0.00e+00 0.00e+00 0.00e+00
1 1004 984 0.00e+00 0.00e+00 0.00e+00 -- 0.00e+00 0.00e+00 0.00e+00 -- 0.00e+00 0.00e+00 0.00e+00 -- 0.00e+00 0.00e+00 0.00e+00
1 1004 985 0.00e+00 0.00e+00 0.00e+00 -- 0.00e+00 0.00e+00 0.00e+00 -- 0.00e+00 0.00e+00 0.00e+00 -- 0.00e+00 0.00e+00 0.00e+00
1 1004 986 0.00e+00 0.00e+00 0.00e+00 -- 0.00e+00 0.00e+00 0.00e+00 -- 0.00e+00 0.00e+00 0.00e+00 -- 0.00e+00 0.00e+00 0.00e+00
1 1004 987 0.00e+00 0.00e+00 0.00e+00 -- 0.00e+00 0.00e+00 0.00e+00 -- 0.00e+00 0.00e+00 0.00e+00 -- 0.00e+00 0.00e+00 0.00e+00
1 1004 988 0.00e+00 0.00e+00 0.00e+00 -- 0.00e+00 0.00e+00 0.00e+00 -- 0.00e+00 0.00e+00 0.00e+00 -- 0.00e+00 0.00e+00 0.00e+00
1 1004 989 0.00e+00 0.00e+00 0.00e+00 -- 0.00e+00 0.00e+00 0.00e+00 -- 0.00e+00 0.00e+00 0.00e+00 -- 0.00e+00 0.00e+00 0.00e+00
1 1004 990 0.00e+00 0.00e+00 0.00e+00 -- 0.00e+00 0.00e+00 0.00e+00 -- 0.00e+00 0.00e+00 0.00e+00 -- 0.00e+00 0.00e+00 0.00e+00
1 1004 991 0.00e+00 0.00e+00 0.00e+00 -- 0.00e+00 0.00e+00 0.00e+00 -- 0.00e+00 0.00e+00 0.00e+00 -- 0.00e+00 0.00e+00 0.00e+00
1 1004 992 0.00e+00 0.00e+00 0.00e+00 -- 0.00e+00 0.00e+00 0.00e+00 -- 0.00e+00 0.00e+00 0.00e+00 -- 0.00e+00 0.00e+00 0.00e+00
1 1004 993 0.00e+00 0.00e+00 0.00e+00 -- 0.00e+00 0.00e+00 0.00e+00 -- 0.00e+00 0.00e+00 0.00e+00 -- 0.00e+00 0.00e+00 0.00e+00
1 1004 994 0.00e+00 0.00e+00 0.00e+00 -- 0.00e+00 0.00e+00 0.00e+00 -- 0.00e+00 0.00e+00 0.00e+00 -- 0.00e+00 0.00e+00 0.00e+00
1 1004 995 0.00e+00 0.00e+00 0.00e+00 -- 0.00e+00 0.00e+00 0.00e+00 -- 0.00e+00 0.00e+00 0.00e+00 -- 0.00e+00 0.00e+00 0.00e+00
1 1004 996 0.00e+00 0.00e+00 0.00e+00 -- 0.00e+00 0.00e+00 0.00e+00 -- 0.00e+00 0.00e+00 0.00e+00 -- 0.00e+00 0.00e+00 0.00e+00
1 1004 997 0.00e+00 0.00e+00 0.00e+00 -- 0.00e+00 0.00e+00 0.00e+00 -- 0.00e+00 0.00e+00 0.00e+00 -- 0.00e+00 0.00e+00 0.00e+00
1 1004 998 0.00e+00 0.00e+00 0.00e+00 -- 0.00e+00 0.00e+00 0.00e+00 -- 0.00e+00 0.00e+00 0.00e+00 -- 0.00e+00 0.00e+00 0.00e+00
1 1004 999 0.00e+00 0.00e+00 0.00e+00 -- 0.00e+00 0.00e+00 0.00e+00 -- 0.00e+00 0.00e+00 0.00e+00 -- 0.00e+00 0.00e+00 0.00e+00
1 1004 1000 0.00e+00 0.00e+00 0.00e+00 -- 0.00e+00 0.00e+00 0.00e+00 -- 0.00e+00 0.00e+00 0.00e+00 -- 0.00e+00 0.00e+00 0.00e+00
1 1004 1001 0.00e+00 0.00e+00 0.00e+00 -- 0.00e+00 0.00e+00 0.00e+00 -- 0.00e+00 0.00e+00 0.00e+00 -- 0.00e+00 0.00e+00 0.00e+00
1 1004 1002 0.00e+00 0.00e+00 0.00e+00 -- 0.00e+00 0.00e+00 0.00e+00 -- 0.00e+00 0.00e+00 0.00e+00 -- 0.00e+00 0.00e+00 0.00e+00
1 1004 1003 0.00e+00 0.00e+00 0.00e+00 -- 0.00e+00 0.00e+00 0.00e+00 -- 0.00e+00 0.00e+00 0.00e+00 -- 0.00e+00 0.00e+00 0.00e+00
